gameId,teamId,teamCity,teamName,teamTricode,teamSlug,minutes,fieldGoalsMade,fieldGoalsAttempted,fieldGoalsPercentage,threePointersMade,threePointersAttempted,threePointersPercentage,freeThrowsMade,freeThrowsAttempted,freeThrowsPercentage,reboundsOffensive,reboundsDefensive,reboundsTotal,assists,steals,blocks,turnovers,foulsPersonal,points,plusMinusPoints,gameDate
0022200001,1610612738,Boston,Celtics,BOS,celtics,240:00,46,82,0.561,12,35,0.343,22,28,0.786,6,30,36,24,8,3,10,24,126,9.0,2022-10-18
0022200001,1610612755,Philadelphia,76ers,PHI,sixers,240:00,40,80,0.5,13,34,0.382,24,28,0.857,4,27,31,16,8,3,14,25,117,-9.0,2022-10-18
0022200002,1610612744,Golden State,Warriors,GSW,warriors,240:00,45,99,0.455,16,45,0.356,17,23,0.739,11,37,48,31,11,4,18,23,123,14.0,2022-10-18
0022200002,1610612747,Los Angeles,Lakers,LAL,lakers,240:00,40,94,0.426,10,40,0.25,19,25,0.76,9,39,48,23,12,4,21,18,109,-14.0,2022-10-18
0022200004,1610612754,Indiana,Pacers,IND,pacers,240:00,39,97,0.402,15,42,0.357,14,21,0.667,12,30,42,21,7,5,15,20,107,-7.0,2022-10-19
0022200004,1610612764,Washington,Wizards,WAS,wizards,240:00,42,92,0.457,11,31,0.355,19,24,0.792,14,39,53,21,5,10,16,19,114,7.0,2022-10-19
0022200011,1610612759,San Antonio,Spurs,SAS,spurs,240:00,40,99,0.404,7,34,0.206,15,21,0.714,14,30,44,22,8,8,15,19,102,-27.0,2022-10-19
0022200011,1610612766,Charlotte,Hornets,CHA,hornets,240:00,48,94,0.511,13,29,0.448,20,23,0.87,14,37,51,26,7,10,15,20,129,27.0,2022-10-19
0022200007,1610612748,Miami,Heat,MIA,heat,240:00,37,80,0.463,12,28,0.429,22,28,0.786,8,38,46,21,6,2,19,24,108,-8.0,2022-10-19
0022200007,1610612741,Chicago,Bulls,CHI,bulls,240:00,41,93,0.441,13,36,0.361,21,28,0.75,12,34,46,23,12,6,14,26,116,8.0,2022-10-19
0022200005,1610612737,Atlanta,Hawks,ATL,hawks,240:00,45,90,0.5,7,25,0.28,20,24,0.833,4,34,38,30,12,5,9,18,117,10.0,2022-10-19
0022200005,1610612745,Houston,Rockets,HOU,rockets,240:00,42,98,0.429,9,35,0.257,14,15,0.933,15,39,54,25,4,3,15,20,107,-10.0,2022-10-19
0022200012,1610612762,Utah,Jazz,UTA,jazz,240:00,42,83,0.506,16,38,0.421,23,31,0.742,11,32,43,27,10,1,19,21,123,21.0,2022-10-19
0022200012,1610612743,Denver,Nuggets,DEN,nuggets,240:00,40,83,0.482,5,22,0.227,17,18,0.944,10,25,35,21,10,3,21,23,102,-21.0,2022-10-19
0022200006,1610612751,Brooklyn,Nets,BKN,nets,240:00,40,89,0.449,10,33,0.303,18,24,0.75,9,30,39,22,10,10,16,25,108,-22.0,2022-10-19
0022200006,1610612740,New Orleans,Pelicans,NOP,pelicans,240:00,50,102,0.49,12,26,0.462,18,25,0.72,21,40,61,31,9,4,12,21,130,22.0,2022-10-19
0022200010,1610612750,Minnesota,Timberwolves,MIN,timberwolves,240:00,39,94,0.415,10,38,0.263,27,33,0.818,14,41,55,25,6,5,14,21,115,7.0,2022-10-19
0022200010,1610612760,Oklahoma City,Thunder,OKC,thunder,240:00,38,99,0.384,14,45,0.311,18,22,0.818,16,41,57,22,6,6,13,26,108,-7.0,2022-10-19
0022200014,1610612758,Sacramento,Kings,SAC,kings,240:00,39,85,0.459,17,44,0.386,13,19,0.684,4,37,41,27,8,5,15,25,108,-7.0,2022-10-19
0022200014,1610612757,Portland,Trail Blazers,POR,blazers,240:00,39,88,0.443,11,28,0.393,26,33,0.788,11,33,44,20,11,2,11,17,115,7.0,2022-10-19
0022200009,1610612763,Memphis,Grizzlies,MEM,grizzlies,265:00,42,108,0.389,17,50,0.34,14,23,0.609,20,44,64,27,6,7,13,17,115,3.0,2022-10-19
0022200009,1610612752,New York,Knicks,NYK,knicks,265:00,44,109,0.404,9,37,0.243,15,18,0.833,18,36,54,28,7,5,12,26,112,-3.0,2022-10-19
0022200013,1610612756,Phoenix,Suns,PHX,suns,240:00,40,85,0.471,8,22,0.364,19,22,0.864,8,32,40,25,4,5,12,29,107,2.0,2022-10-19
0022200013,1610612742,Dallas,Mavericks,DAL,mavericks,240:00,35,75,0.467,14,35,0.4,21,34,0.618,5,35,40,17,6,4,12,22,105,-2.0,2022-10-19
0022200003,1610612765,Detroit,Pistons,DET,pistons,240:00,40,94,0.426,14,38,0.368,19,24,0.792,12,29,41,31,11,4,12,21,113,4.0,2022-10-19
0022200003,1610612753,Orlando,Magic,ORL,magic,240:00,42,86,0.488,11,30,0.367,14,19,0.737,10,38,48,21,5,5,18,24,109,-4.0,2022-10-19
0022200008,1610612761,Toronto,Raptors,TOR,raptors,240:00,36,86,0.419,13,30,0.433,23,32,0.719,12,29,41,19,15,4,13,23,108,3.0,2022-10-19
0022200008,1610612739,Cleveland,Cavaliers,CLE,cavaliers,240:00,38,77,0.494,10,28,0.357,19,23,0.826,6,32,38,25,5,5,17,21,105,-3.0,2022-10-19
0022200015,1610612755,Philadelphia,76ers,PHI,sixers,240:00,36,83,0.434,5,24,0.208,11,13,0.846,6,38,44,17,6,5,10,14,88,-2.0,2022-10-20
0022200015,1610612749,Milwaukee,Bucks,MIL,bucks,240:00,34,84,0.405,13,42,0.31,9,14,0.643,7,41,48,24,4,6,12,16,90,2.0,2022-10-20
0022200016,1610612747,Los Angeles,Lakers,LAL,lakers,240:00,33,94,0.351,9,45,0.2,22,26,0.846,8,30,38,23,13,5,10,24,97,-6.0,2022-10-20
0022200016,1610612746,LA,Clippers,LAC,clippers,240:00,37,80,0.463,9,29,0.31,20,31,0.645,10,48,58,18,7,7,22,24,103,6.0,2022-10-20
0022200026,1610612744,Golden State,Warriors,GSW,warriors,240:00,42,88,0.477,15,44,0.341,24,27,0.889,7,28,35,34,10,3,18,23,123,-5.0,2022-10-21
0022200026,1610612743,Denver,Nuggets,DEN,nuggets,240:00,46,86,0.535,15,34,0.441,21,25,0.84,12,29,41,30,10,2,20,22,128,5.0,2022-10-21
0022200019,1610612764,Washington,Wizards,WAS,wizards,240:00,41,80,0.513,10,26,0.385,10,11,0.909,5,34,39,26,8,8,16,22,102,2.0,2022-10-21
0022200019,1610612741,Chicago,Bulls,CHI,bulls,240:00,33,79,0.418,7,27,0.259,27,33,0.818,10,28,38,19,8,3,13,15,100,-2.0,2022-10-21
0022200027,1610612757,Portland,Trail Blazers,POR,blazers,265:00,36,82,0.439,10,29,0.345,31,36,0.861,13,35,48,14,8,5,18,19,113,2.0,2022-10-21
0022200027,1610612756,Phoenix,Suns,PHX,suns,265:00,43,94,0.457,10,27,0.37,15,21,0.714,9,32,41,31,14,1,16,29,111,-2.0,2022-10-21
0022200024,1610612745,Houston,Rockets,HOU,rockets,240:00,44,93,0.473,16,35,0.457,18,30,0.6,13,32,45,18,4,6,14,22,122,-7.0,2022-10-21
0022200024,1610612763,Memphis,Grizzlies,MEM,grizzlies,240:00,45,98,0.459,19,42,0.452,20,29,0.69,17,33,50,26,8,10,12,21,129,7.0,2022-10-21
0022200021,1610612751,Brooklyn,Nets,BKN,nets,240:00,38,80,0.475,13,35,0.371,20,29,0.69,13,31,44,26,3,13,13,19,109,4.0,2022-10-21
0022200021,1610612761,Toronto,Raptors,TOR,raptors,240:00,41,84,0.488,11,28,0.393,12,18,0.667,8,33,41,25,9,4,13,21,105,-4.0,2022-10-21
0022200020,1610612737,Atlanta,Hawks,ATL,hawks,240:00,40,89,0.449,13,31,0.419,15,16,0.938,9,37,46,26,10,2,17,22,108,10.0,2022-10-21
0022200020,1610612753,Orlando,Magic,ORL,magic,240:00,33,80,0.413,8,34,0.235,24,30,0.8,10,34,44,16,9,7,19,19,98,-10.0,2022-10-21
0022200022,1610612748,Miami,Heat,MIA,heat,240:00,42,92,0.457,8,26,0.308,12,15,0.8,11,25,36,23,8,3,9,18,104,-7.0,2022-10-21
0022200022,1610612738,Boston,Celtics,BOS,celtics,240:00,41,79,0.519,14,33,0.424,15,15,1.0,12,31,43,17,4,11,19,23,111,7.0,2022-10-21
0022200023,1610612752,New York,Knicks,NYK,knicks,240:00,50,95,0.526,16,38,0.421,14,22,0.636,11,39,50,29,4,6,12,26,130,24.0,2022-10-21
0022200023,1610612765,Detroit,Pistons,DET,pistons,240:00,39,90,0.433,9,36,0.25,19,32,0.594,13,36,49,26,6,2,15,21,106,-24.0,2022-10-21
0022200018,1610612754,Indiana,Pacers,IND,pacers,240:00,51,104,0.49,11,35,0.314,21,22,0.955,14,28,42,32,8,6,16,34,134,-3.0,2022-10-21
0022200018,1610612759,San Antonio,Spurs,SAS,spurs,240:00,44,81,0.543,17,31,0.548,32,44,0.727,7,30,37,34,9,4,17,22,137,3.0,2022-10-21
0022200017,1610612766,Charlotte,Hornets,CHA,hornets,240:00,44,97,0.454,13,34,0.382,11,14,0.786,11,26,37,30,9,4,13,24,112,-12.0,2022-10-21
0022200017,1610612740,New Orleans,Pelicans,NOP,pelicans,240:00,42,89,0.472,8,22,0.364,32,37,0.865,15,38,53,23,9,7,15,14,124,12.0,2022-10-21
0022200025,1610612750,Minnesota,Timberwolves,MIN,timberwolves,265:00,49,107,0.458,11,33,0.333,17,23,0.739,21,39,60,20,5,7,20,22,126,-6.0,2022-10-21
0022200025,1610612762,Utah,Jazz,UTA,jazz,265:00,49,111,0.441,20,50,0.4,14,21,0.667,19,35,54,39,11,8,13,23,132,6.0,2022-10-21
0022200030,1610612753,Orlando,Magic,ORL,magic,240:00,45,95,0.474,15,34,0.441,15,23,0.652,12,36,48,21,5,7,9,24,120,-6.0,2022-10-22
0022200030,1610612738,Boston,Celtics,BOS,celtics,240:00,42,87,0.483,19,47,0.404,23,28,0.821,7,30,37,24,5,6,8,21,126,6.0,2022-10-22
0022200031,1610612748,Miami,Heat,MIA,heat,240:00,38,76,0.5,11,30,0.367,25,27,0.926,6,38,44,28,2,2,15,26,112,3.0,2022-10-22
0022200031,1610612761,Toronto,Raptors,TOR,raptors,240:00,37,87,0.425,14,39,0.359,21,28,0.75,8,29,37,24,9,5,6,25,109,-3.0,2022-10-22
0022200029,1610612754,Indiana,Pacers,IND,pacers,240:00,45,103,0.437,16,42,0.381,18,24,0.75,20,39,59,28,7,15,11,21,124,9.0,2022-10-22
0022200029,1610612765,Detroit,Pistons,DET,pistons,240:00,37,95,0.389,18,42,0.429,23,30,0.767,17,36,53,26,5,3,13,20,115,-9.0,2022-10-22
0022200028,1610612755,Philadelphia,76ers,PHI,sixers,240:00,37,84,0.44,10,31,0.323,21,28,0.75,12,28,40,26,6,5,12,15,105,-9.0,2022-10-22
0022200028,1610612759,San Antonio,Spurs,SAS,spurs,240:00,43,89,0.483,16,38,0.421,12,15,0.8,12,31,43,27,5,7,14,20,114,9.0,2022-10-22
0022200035,1610612743,Denver,Nuggets,DEN,nuggets,240:00,42,85,0.494,20,38,0.526,18,31,0.581,9,37,46,33,5,6,18,21,122,5.0,2022-10-22
0022200035,1610612760,Oklahoma City,Thunder,OKC,thunder,240:00,42,94,0.447,15,38,0.395,18,23,0.783,10,37,47,29,10,5,12,27,117,-5.0,2022-10-22
0022200032,1610612741,Chicago,Bulls,CHI,bulls,240:00,34,84,0.405,7,29,0.241,21,25,0.84,10,25,35,19,12,7,10,19,96,-32.0,2022-10-22
0022200032,1610612739,Cleveland,Cavaliers,CLE,cavaliers,240:00,48,85,0.565,16,27,0.593,16,18,0.889,8,40,48,32,4,5,17,17,128,32.0,2022-10-22
0022200036,1610612758,Sacramento,Kings,SAC,kings,240:00,40,85,0.471,14,35,0.4,15,26,0.577,9,30,39,24,5,5,12,21,109,-2.0,2022-10-22
0022200036,1610612746,LA,Clippers,LAC,clippers,240:00,41,81,0.506,9,22,0.409,20,22,0.909,5,35,40,24,8,3,13,21,111,2.0,2022-10-22
0022200034,1610612742,Dallas,Mavericks,DAL,mavericks,240:00,45,90,0.5,17,39,0.436,30,36,0.833,15,37,52,23,7,7,15,24,137,41.0,2022-10-22
0022200034,1610612763,Memphis,Grizzlies,MEM,grizzlies,240:00,34,79,0.43,9,33,0.273,19,24,0.792,6,23,29,20,4,8,17,29,96,-41.0,2022-10-22
0022200033,1610612749,Milwaukee,Bucks,MIL,bucks,240:00,48,85,0.565,16,31,0.516,13,21,0.619,8,39,47,29,6,10,16,22,125,20.0,2022-10-22
0022200033,1610612745,Houston,Rockets,HOU,rockets,240:00,36,93,0.387,16,37,0.432,17,22,0.773,15,32,47,20,9,6,12,22,105,-20.0,2022-10-22
0022200037,1610612747,Los Angeles,Lakers,LAL,lakers,240:00,41,92,0.446,6,33,0.182,16,20,0.8,10,30,40,26,9,9,13,24,104,-2.0,2022-10-23
0022200037,1610612757,Portland,Trail Blazers,POR,blazers,240:00,37,84,0.44,10,27,0.37,22,27,0.815,13,39,52,19,6,5,19,20,106,2.0,2022-10-23
0022200039,1610612739,Cleveland,Cavaliers,CLE,cavaliers,265:00,41,96,0.427,13,33,0.394,22,25,0.88,16,32,48,19,10,5,13,20,117,10.0,2022-10-23
0022200039,1610612764,Washington,Wizards,WAS,wizards,265:00,43,87,0.494,12,28,0.429,9,15,0.6,4,31,35,25,9,4,18,24,107,-10.0,2022-10-23
0022200040,1610612740,New Orleans,Pelicans,NOP,pelicans,265:00,48,102,0.471,8,27,0.296,17,22,0.773,14,31,45,30,8,6,17,22,121,-1.0,2022-10-23
0022200040,1610612762,Utah,Jazz,UTA,jazz,265:00,43,98,0.439,13,38,0.342,23,28,0.821,15,29,44,29,13,6,16,20,122,1.0,2022-10-23
0022200041,1610612760,Oklahoma City,Thunder,OKC,thunder,240:00,41,94,0.436,9,41,0.22,15,21,0.714,11,31,42,24,7,4,11,15,106,-10.0,2022-10-23
0022200041,1610612750,Minnesota,Timberwolves,MIN,timberwolves,240:00,46,88,0.523,10,34,0.294,14,22,0.636,12,42,54,24,9,3,15,17,116,10.0,2022-10-23
0022200038,1610612737,Atlanta,Hawks,ATL,hawks,240:00,39,95,0.411,8,35,0.229,23,28,0.821,16,29,45,23,8,9,12,21,109,-17.0,2022-10-23
0022200038,1610612766,Charlotte,Hornets,CHA,hornets,240:00,47,90,0.522,11,26,0.423,21,30,0.7,14,38,52,28,7,6,13,24,126,17.0,2022-10-23
0022200042,1610612744,Golden State,Warriors,GSW,warriors,240:00,45,87,0.517,14,33,0.424,26,36,0.722,6,31,37,24,7,5,13,21,130,5.0,2022-10-23
0022200042,1610612758,Sacramento,Kings,SAC,kings,240:00,47,100,0.47,11,43,0.256,20,25,0.8,13,38,51,31,10,2,16,29,125,-5.0,2022-10-23
0022200043,1610612746,LA,Clippers,LAC,clippers,240:00,36,82,0.439,9,32,0.281,14,20,0.7,9,34,43,16,10,0,14,18,95,-17.0,2022-10-23
0022200043,1610612756,Phoenix,Suns,PHX,suns,240:00,43,93,0.462,15,42,0.357,11,12,0.917,13,36,49,29,5,3,12,18,112,17.0,2022-10-23
0022200048,1610612745,Houston,Rockets,HOU,rockets,240:00,38,90,0.422,11,35,0.314,27,32,0.844,17,30,47,17,7,7,15,20,114,6.0,2022-10-24
0022200048,1610612762,Utah,Jazz,UTA,jazz,240:00,44,93,0.473,11,32,0.344,9,16,0.563,18,31,49,23,8,10,20,27,108,-6.0,2022-10-24
0022200045,1610612748,Miami,Heat,MIA,heat,240:00,29,83,0.349,8,34,0.235,24,27,0.889,8,38,46,19,5,3,12,15,90,-8.0,2022-10-24
0022200045,1610612761,Toronto,Raptors,TOR,raptors,240:00,34,86,0.395,14,32,0.438,16,20,0.8,10,42,52,22,6,6,12,22,98,8.0,2022-10-24
0022200047,1610612741,Chicago,Bulls,CHI,bulls,240:00,42,87,0.483,10,21,0.476,26,29,0.897,14,46,60,29,4,6,13,18,120,18.0,2022-10-24
0022200047,1610612738,Boston,Celtics,BOS,celtics,240:00,37,100,0.37,18,48,0.375,10,12,0.833,14,31,45,26,5,7,10,24,102,-18.0,2022-10-24
0022200050,1610612750,Minnesota,Timberwolves,MIN,timberwolves,240:00,38,86,0.442,8,31,0.258,22,24,0.917,10,40,50,24,7,5,16,18,106,-9.0,2022-10-24
0022200050,1610612759,San Antonio,Spurs,SAS,spurs,240:00,48,105,0.457,12,37,0.324,7,13,0.538,14,36,50,37,11,0,13,21,115,9.0,2022-10-24
0022200051,1610612757,Portland,Trail Blazers,POR,blazers,240:00,48,83,0.578,16,35,0.457,23,31,0.742,9,36,45,23,3,6,8,15,135,25.0,2022-10-24
0022200051,1610612743,Denver,Nuggets,DEN,nuggets,240:00,45,91,0.495,12,31,0.387,8,14,0.571,10,28,38,28,4,1,8,28,110,-25.0,2022-10-24
0022200044,1610612755,Philadelphia,76ers,PHI,sixers,240:00,38,80,0.475,19,43,0.442,25,28,0.893,7,32,39,25,8,7,7,20,120,14.0,2022-10-24
0022200044,1610612754,Indiana,Pacers,IND,pacers,240:00,38,90,0.422,12,44,0.273,18,23,0.783,14,33,47,27,3,4,13,23,106,-14.0,2022-10-24
0022200049,1610612763,Memphis,Grizzlies,MEM,grizzlies,240:00,47,94,0.5,16,34,0.471,24,31,0.774,12,26,38,21,7,3,8,22,134,10.0,2022-10-24
0022200049,1610612751,Brooklyn,Nets,BKN,nets,240:00,47,87,0.54,9,29,0.31,21,26,0.808,9,26,35,27,4,7,11,30,124,-10.0,2022-10-24
0022200046,1610612752,New York,Knicks,NYK,knicks,240:00,43,93,0.462,11,37,0.297,18,25,0.72,18,32,50,24,7,3,13,24,115,13.0,2022-10-24
0022200046,1610612753,Orlando,Magic,ORL,magic,240:00,36,86,0.419,7,35,0.2,23,27,0.852,13,28,41,14,6,4,12,23,102,-13.0,2022-10-24
0022200054,1610612760,Oklahoma City,Thunder,OKC,thunder,240:00,42,110,0.382,4,30,0.133,20,25,0.8,21,39,60,19,12,8,5,13,108,14.0,2022-10-25
0022200054,1610612746,LA,Clippers,LAC,clippers,240:00,35,83,0.422,10,31,0.323,14,18,0.778,7,40,47,21,5,14,18,18,94,-14.0,2022-10-25
0022200052,1610612764,Washington,Wizards,WAS,wizards,240:00,44,85,0.518,10,33,0.303,22,26,0.846,9,38,47,26,7,7,11,21,120,21.0,2022-10-25
0022200052,1610612765,Detroit,Pistons,DET,pistons,240:00,36,88,0.409,8,28,0.286,19,25,0.76,11,30,41,12,6,1,13,26,99,-21.0,2022-10-25
0022200055,1610612756,Phoenix,Suns,PHX,suns,240:00,47,92,0.511,12,29,0.414,28,34,0.824,14,34,48,31,8,4,13,19,134,29.0,2022-10-25
0022200055,1610612744,Golden State,Warriors,GSW,warriors,240:00,41,91,0.451,10,35,0.286,13,17,0.765,10,30,40,28,7,7,13,28,105,-29.0,2022-10-25
0022200053,1610612740,New Orleans,Pelicans,NOP,pelicans,240:00,44,76,0.579,12,27,0.444,13,18,0.722,4,22,26,25,7,3,14,21,113,2.0,2022-10-25
0022200053,1610612742,Dallas,Mavericks,DAL,mavericks,240:00,41,82,0.5,12,39,0.308,17,24,0.708,11,26,37,18,8,5,11,16,111,-2.0,2022-10-25
0022200063,1610612762,Utah,Jazz,UTA,jazz,240:00,38,90,0.422,13,45,0.289,20,30,0.667,11,42,53,28,11,5,15,28,109,8.0,2022-10-26
0022200063,1610612745,Houston,Rockets,HOU,rockets,240:00,36,94,0.383,11,40,0.275,18,24,0.75,14,35,49,19,7,2,19,30,101,-8.0,2022-10-26
0022200061,1610612741,Chicago,Bulls,CHI,bulls,240:00,43,87,0.494,16,30,0.533,22,24,0.917,9,35,44,34,10,5,17,25,124,15.0,2022-10-26
0022200061,1610612754,Indiana,Pacers,IND,pacers,240:00,37,86,0.43,16,40,0.4,19,24,0.792,6,32,38,31,5,12,16,18,109,-15.0,2022-10-26
0022200060,1610612749,Milwaukee,Bucks,MIL,bucks,240:00,39,88,0.443,10,36,0.278,22,29,0.759,14,40,54,21,8,12,18,22,110,11.0,2022-10-26
0022200060,1610612751,Brooklyn,Nets,BKN,nets,240:00,34,86,0.395,7,27,0.259,24,30,0.8,7,30,37,23,7,6,14,24,99,-11.0,2022-10-26
0022200057,1610612765,Detroit,Pistons,DET,pistons,240:00,42,91,0.462,14,32,0.438,15,22,0.682,10,30,40,23,4,6,13,25,113,-5.0,2022-10-26
0022200057,1610612737,Atlanta,Hawks,ATL,hawks,240:00,45,91,0.495,8,22,0.364,20,25,0.8,10,36,46,22,6,12,12,20,118,5.0,2022-10-26
0022200059,1610612761,Toronto,Raptors,TOR,raptors,240:00,46,84,0.548,16,37,0.432,11,14,0.786,6,33,39,32,9,5,9,21,119,10.0,2022-10-26
0022200059,1610612755,Philadelphia,76ers,PHI,sixers,240:00,40,79,0.506,16,36,0.444,13,19,0.684,4,30,34,29,6,2,12,12,109,-10.0,2022-10-26
0022200062,1610612750,Minnesota,Timberwolves,MIN,timberwolves,240:00,52,80,0.65,20,34,0.588,10,16,0.625,0,30,30,37,9,6,16,19,134,12.0,2022-10-26
0022200062,1610612759,San Antonio,Spurs,SAS,spurs,240:00,43,95,0.453,16,36,0.444,20,22,0.909,14,27,41,34,6,2,16,18,122,-12.0,2022-10-26
0022200058,1610612752,New York,Knicks,NYK,knicks,265:00,52,97,0.536,11,30,0.367,19,22,0.864,12,34,46,26,5,11,16,24,134,3.0,2022-10-26
0022200058,1610612766,Charlotte,Hornets,CHA,hornets,265:00,49,99,0.495,13,31,0.419,20,30,0.667,9,33,42,31,9,5,15,24,131,-3.0,2022-10-26
0022200065,1610612757,Portland,Trail Blazers,POR,blazers,240:00,34,78,0.436,12,37,0.324,18,26,0.692,11,27,38,20,9,4,19,17,98,-21.0,2022-10-26
0022200065,1610612748,Miami,Heat,MIA,heat,240:00,44,87,0.506,15,38,0.395,16,19,0.842,15,31,46,34,13,2,16,22,119,21.0,2022-10-26
0022200056,1610612739,Cleveland,Cavaliers,CLE,cavaliers,240:00,36,87,0.414,10,33,0.303,21,30,0.7,12,31,43,25,6,3,12,22,103,11.0,2022-10-26
0022200056,1610612753,Orlando,Magic,ORL,magic,240:00,35,81,0.432,6,24,0.25,16,21,0.762,10,33,43,19,6,6,16,29,92,-11.0,2022-10-26
0022200064,1610612743,Denver,Nuggets,DEN,nuggets,240:00,42,92,0.457,9,34,0.265,17,21,0.81,9,45,54,34,12,5,11,17,110,11.0,2022-10-26
0022200064,1610612747,Los Angeles,Lakers,LAL,lakers,240:00,40,90,0.444,8,30,0.267,11,16,0.688,7,40,47,25,8,4,14,16,99,-11.0,2022-10-26
0022200068,1610612744,Golden State,Warriors,GSW,warriors,240:00,46,92,0.5,18,46,0.391,13,15,0.867,16,34,50,30,4,2,19,13,123,13.0,2022-10-27
0022200068,1610612748,Miami,Heat,MIA,heat,240:00,39,88,0.443,14,43,0.326,18,22,0.818,8,23,31,25,16,5,12,15,110,-13.0,2022-10-27
0022200069,1610612758,Sacramento,Kings,SAC,kings,240:00,40,83,0.482,12,38,0.316,18,22,0.818,9,31,40,28,5,2,13,20,110,-15.0,2022-10-27
0022200069,1610612763,Memphis,Grizzlies,MEM,grizzlies,240:00,49,92,0.533,14,33,0.424,13,18,0.722,11,32,43,27,5,3,12,18,125,15.0,2022-10-27
0022200067,1610612760,Oklahoma City,Thunder,OKC,thunder,240:00,47,95,0.495,17,38,0.447,7,8,0.875,13,23,36,27,10,4,11,21,118,8.0,2022-10-27
0022200067,1610612746,LA,Clippers,LAC,clippers,240:00,44,82,0.537,9,28,0.321,13,18,0.722,10,34,44,21,6,5,19,17,110,-8.0,2022-10-27
0022200066,1610612751,Brooklyn,Nets,BKN,nets,265:00,43,93,0.462,12,35,0.343,27,30,0.9,13,32,45,20,10,6,13,28,125,-4.0,2022-10-27
0022200066,1610612742,Dallas,Mavericks,DAL,mavericks,265:00,41,81,0.506,20,40,0.5,27,35,0.771,7,30,37,25,8,4,17,23,129,4.0,2022-10-27
0022200080,1610612757,Portland,Trail Blazers,POR,blazers,240:00,48,90,0.533,13,35,0.371,16,20,0.8,11,34,45,30,9,6,15,19,125,14.0,2022-10-28
0022200080,1610612745,Houston,Rockets,HOU,rockets,240:00,40,94,0.426,14,38,0.368,17,21,0.81,13,26,39,23,10,6,15,18,111,-14.0,2022-10-28
0022200070,1610612765,Detroit,Pistons,DET,pistons,240:00,37,86,0.43,7,32,0.219,31,38,0.816,14,28,42,18,2,4,10,22,112,-24.0,2022-10-28
0022200070,1610612737,Atlanta,Hawks,ATL,hawks,240:00,55,97,0.567,12,29,0.414,14,18,0.778,10,35,45,31,5,8,6,26,136,24.0,2022-10-28
0022200077,1610612759,San Antonio,Spurs,SAS,spurs,240:00,46,86,0.535,16,38,0.421,21,26,0.808,8,34,42,37,7,3,20,17,129,5.0,2022-10-28
0022200077,1610612741,Chicago,Bulls,CHI,bulls,240:00,47,99,0.475,9,27,0.333,21,26,0.808,15,27,42,20,13,3,12,19,124,-5.0,2022-10-28
0022200074,1610612764,Washington,Wizards,WAS,wizards,240:00,41,86,0.477,12,30,0.4,23,28,0.821,9,29,38,25,5,3,13,23,117,-10.0,2022-10-28
0022200074,1610612754,Indiana,Pacers,IND,pacers,240:00,41,81,0.506,15,29,0.517,30,33,0.909,5,36,41,30,4,7,13,19,127,10.0,2022-10-28
0022200073,1610612761,Toronto,Raptors,TOR,raptors,240:00,33,86,0.384,9,39,0.231,15,24,0.625,15,30,45,20,9,5,17,15,90,-22.0,2022-10-28
0022200073,1610612755,Philadelphia,76ers,PHI,sixers,240:00,43,82,0.524,16,38,0.421,10,11,0.909,7,34,41,25,11,6,14,20,112,22.0,2022-10-28
0022200078,1610612743,Denver,Nuggets,DEN,nuggets,240:00,39,85,0.459,17,37,0.459,22,34,0.647,17,41,58,18,2,4,12,18,117,16.0,2022-10-28
0022200078,1610612762,Utah,Jazz,UTA,jazz,240:00,38,91,0.418,10,39,0.256,15,19,0.789,8,30,38,24,7,8,9,30,101,-16.0,2022-10-28
0022200079,1610612756,Phoenix,Suns,PHX,suns,240:00,48,92,0.522,10,33,0.303,18,20,0.9,14,33,47,33,7,7,12,18,124,13.0,2022-10-28
0022200079,1610612740,New Orleans,Pelicans,NOP,pelicans,240:00,38,86,0.442,15,37,0.405,20,22,0.909,9,24,33,25,10,1,13,21,111,-13.0,2022-10-28
0022200075,1610612749,Milwaukee,Bucks,MIL,bucks,240:00,42,109,0.385,13,45,0.289,22,27,0.815,19,41,60,23,8,8,6,23,119,11.0,2022-10-28
0022200075,1610612752,New York,Knicks,NYK,knicks,240:00,37,93,0.398,12,35,0.343,22,32,0.688,13,41,54,19,6,5,12,19,108,-11.0,2022-10-28
0022200072,1610612738,Boston,Celtics,BOS,celtics,265:00,42,82,0.512,13,33,0.394,26,32,0.813,5,29,34,28,9,2,19,27,123,-9.0,2022-10-28
0022200072,1610612739,Cleveland,Cavaliers,CLE,cavaliers,265:00,45,87,0.517,16,35,0.457,26,34,0.765,9,33,42,18,5,2,15,28,132,9.0,2022-10-28
0022200071,1610612753,Orlando,Magic,ORL,magic,240:00,42,85,0.494,10,37,0.27,19,26,0.731,5,43,48,28,8,5,12,22,113,20.0,2022-10-28
0022200071,1610612766,Charlotte,Hornets,CHA,hornets,240:00,33,86,0.384,11,38,0.289,16,24,0.667,10,37,47,21,3,4,14,18,93,-20.0,2022-10-28
0022200076,1610612750,Minnesota,Timberwolves,MIN,timberwolves,240:00,41,99,0.414,13,40,0.325,16,24,0.667,14,35,49,27,13,8,10,21,111,9.0,2022-10-28
0022200076,1610612747,Los Angeles,Lakers,LAL,lakers,240:00,37,89,0.416,9,29,0.31,19,27,0.704,12,43,55,20,8,5,22,21,102,-9.0,2022-10-28
0022200082,1610612766,Charlotte,Hornets,CHA,hornets,265:00,43,102,0.422,10,31,0.323,24,31,0.774,15,40,55,32,2,2,10,14,120,7.0,2022-10-29
0022200082,1610612744,Golden State,Warriors,GSW,warriors,265:00,44,100,0.44,13,44,0.295,12,16,0.75,10,39,49,31,8,6,10,31,113,-7.0,2022-10-29
0022200086,1610612742,Dallas,Mavericks,DAL,mavericks,265:00,38,95,0.4,8,40,0.2,27,34,0.794,12,37,49,17,8,5,16,30,111,-6.0,2022-10-29
0022200086,1610612760,Oklahoma City,Thunder,OKC,thunder,265:00,44,89,0.494,5,25,0.2,24,31,0.774,9,38,47,25,9,6,15,29,117,6.0,2022-10-29
0022200081,1610612758,Sacramento,Kings,SAC,kings,240:00,42,76,0.553,14,31,0.452,21,29,0.724,6,37,43,27,1,6,20,29,119,6.0,2022-10-29
0022200081,1610612748,Miami,Heat,MIA,heat,240:00,38,89,0.427,11,28,0.393,26,31,0.839,9,25,34,18,7,3,8,25,113,-6.0,2022-10-29
0022200083,1610612751,Brooklyn,Nets,BKN,nets,240:00,41,82,0.5,14,39,0.359,20,26,0.769,6,28,34,29,6,9,9,20,116,-9.0,2022-10-29
0022200083,1610612754,Indiana,Pacers,IND,pacers,240:00,40,94,0.426,23,46,0.5,22,26,0.846,17,36,53,31,7,1,10,25,125,9.0,2022-10-29
0022200085,1610612749,Milwaukee,Bucks,MIL,bucks,240:00,45,92,0.489,14,36,0.389,19,29,0.655,14,35,49,24,8,5,11,18,123,8.0,2022-10-29
0022200085,1610612737,Atlanta,Hawks,ATL,hawks,240:00,45,94,0.479,13,29,0.448,12,15,0.8,12,30,42,19,5,2,12,23,115,-8.0,2022-10-29
0022200087,1610612762,Utah,Jazz,UTA,jazz,240:00,45,87,0.517,19,44,0.432,15,20,0.75,10,24,34,30,8,6,19,17,124,1.0,2022-10-29
0022200087,1610612763,Memphis,Grizzlies,MEM,grizzlies,240:00,50,88,0.568,12,27,0.444,11,15,0.733,10,30,40,24,11,5,20,26,123,-1.0,2022-10-29
0022200084,1610612741,Chicago,Bulls,CHI,bulls,240:00,36,80,0.45,11,31,0.355,26,29,0.897,9,31,40,22,7,3,18,20,109,-5.0,2022-10-29
0022200084,1610612755,Philadelphia,76ers,PHI,sixers,240:00,39,79,0.494,14,29,0.483,22,27,0.815,8,33,41,28,8,6,17,22,114,5.0,2022-10-29
0022200092,1610612759,San Antonio,Spurs,SAS,spurs,240:00,36,86,0.419,16,40,0.4,19,25,0.76,14,38,52,27,6,7,19,21,107,9.0,2022-10-30
0022200092,1610612750,Minnesota,Timberwolves,MIN,timberwolves,240:00,40,99,0.404,4,29,0.138,14,20,0.7,16,29,45,21,11,7,11,23,98,-9.0,2022-10-30
0022200091,1610612765,Detroit,Pistons,DET,pistons,240:00,40,83,0.482,14,33,0.424,34,38,0.895,12,35,47,24,4,3,15,25,128,14.0,2022-10-30
0022200091,1610612744,Golden State,Warriors,GSW,warriors,240:00,39,92,0.424,12,39,0.308,24,25,0.96,13,29,42,23,8,4,14,24,114,-14.0,2022-10-30
0022200094,1610612756,Phoenix,Suns,PHX,suns,240:00,45,84,0.536,12,40,0.3,22,30,0.733,10,26,36,29,9,8,11,22,124,15.0,2022-10-30
0022200094,1610612745,Houston,Rockets,HOU,rockets,240:00,38,87,0.437,11,34,0.324,22,26,0.846,17,32,49,18,7,1,15,25,109,-15.0,2022-10-30
0022200093,1610612742,Dallas,Mavericks,DAL,mavericks,240:00,41,83,0.494,11,35,0.314,21,28,0.75,5,32,37,15,10,1,4,22,114,9.0,2022-10-30
0022200093,1610612753,Orlando,Magic,ORL,magic,240:00,37,81,0.457,11,29,0.379,20,27,0.741,11,36,47,20,2,5,12,23,105,-9.0,2022-10-30
0022200089,1610612738,Boston,Celtics,BOS,celtics,240:00,36,79,0.456,21,47,0.447,19,20,0.95,4,43,47,29,4,5,13,15,112,18.0,2022-10-30
0022200089,1610612764,Washington,Wizards,WAS,wizards,240:00,38,98,0.388,7,32,0.219,11,16,0.688,15,36,51,22,5,6,8,20,94,-18.0,2022-10-30
0022200090,1610612739,Cleveland,Cavaliers,CLE,cavaliers,240:00,41,89,0.461,23,50,0.46,16,19,0.842,10,33,43,33,3,5,14,22,121,13.0,2022-10-30
0022200090,1610612752,New York,Knicks,NYK,knicks,240:00,45,92,0.489,10,27,0.37,8,16,0.5,12,33,45,26,9,2,14,25,108,-13.0,2022-10-30
0022200088,1610612746,LA,Clippers,LAC,clippers,240:00,36,86,0.419,11,39,0.282,8,13,0.615,8,31,39,24,3,6,14,15,91,-21.0,2022-10-30
0022200088,1610612740,New Orleans,Pelicans,NOP,pelicans,240:00,46,93,0.495,15,36,0.417,5,8,0.625,12,38,50,32,9,1,10,15,112,21.0,2022-10-30
0022200095,1610612747,Los Angeles,Lakers,LAL,lakers,240:00,46,96,0.479,13,30,0.433,16,20,0.8,13,38,51,24,5,5,8,17,121,11.0,2022-10-30
0022200095,1610612743,Denver,Nuggets,DEN,nuggets,240:00,41,96,0.427,15,40,0.375,13,18,0.722,13,35,48,24,3,8,9,15,110,-11.0,2022-10-30
0022200097,1610612764,Washington,Wizards,WAS,wizards,240:00,38,81,0.469,10,25,0.4,25,26,0.962,9,32,41,22,8,4,15,18,111,-7.0,2022-10-31
0022200097,1610612755,Philadelphia,76ers,PHI,sixers,240:00,46,83,0.554,12,30,0.4,14,20,0.7,4,33,37,26,14,3,13,20,118,7.0,2022-10-31
0022200100,1610612749,Milwaukee,Bucks,MIL,bucks,240:00,38,87,0.437,11,40,0.275,23,29,0.793,14,36,50,20,5,5,16,21,110,2.0,2022-10-31
0022200100,1610612765,Detroit,Pistons,DET,pistons,240:00,41,92,0.446,8,29,0.276,18,21,0.857,13,30,43,19,9,3,12,24,108,-2.0,2022-10-31
0022200096,1610612766,Charlotte,Hornets,CHA,hornets,240:00,43,84,0.512,14,29,0.483,8,14,0.571,6,32,38,31,11,6,20,26,108,-7.0,2022-10-31
0022200096,1610612758,Sacramento,Kings,SAC,kings,240:00,37,85,0.435,17,44,0.386,24,28,0.857,10,32,42,26,8,4,19,19,115,7.0,2022-10-31
0022200101,1610612762,Utah,Jazz,UTA,jazz,240:00,42,89,0.472,19,47,0.404,18,22,0.818,11,37,48,26,10,6,15,30,121,16.0,2022-10-31
0022200101,1610612763,Memphis,Grizzlies,MEM,grizzlies,240:00,38,92,0.413,6,26,0.231,23,42,0.548,18,34,52,14,8,4,16,17,105,-16.0,2022-10-31
0022200099,1610612761,Toronto,Raptors,TOR,raptors,240:00,46,92,0.5,14,34,0.412,33,40,0.825,12,32,44,25,13,9,6,22,139,30.0,2022-10-31
0022200099,1610612737,Atlanta,Hawks,ATL,hawks,240:00,39,84,0.464,11,29,0.379,20,25,0.8,7,30,37,28,1,4,18,27,109,-30.0,2022-10-31
0022200102,1610612746,LA,Clippers,LAC,clippers,240:00,37,87,0.425,9,36,0.25,12,17,0.706,8,38,46,23,7,10,13,18,95,2.0,2022-10-31
0022200102,1610612745,Houston,Rockets,HOU,rockets,240:00,34,88,0.386,8,28,0.286,17,23,0.739,7,37,44,17,9,8,13,16,93,-2.0,2022-10-31
0022200098,1610612751,Brooklyn,Nets,BKN,nets,240:00,43,80,0.538,11,30,0.367,19,20,0.95,6,33,39,26,11,9,19,18,116,7.0,2022-10-31
0022200098,1610612754,Indiana,Pacers,IND,pacers,240:00,41,87,0.471,11,39,0.282,16,23,0.696,10,28,38,23,11,5,24,24,109,-7.0,2022-10-31
0022200106,1610612756,Phoenix,Suns,PHX,suns,240:00,41,89,0.461,17,43,0.395,17,22,0.773,7,27,34,31,9,8,9,20,116,9.0,2022-11-01
0022200106,1610612750,Minnesota,Timberwolves,MIN,timberwolves,240:00,37,87,0.425,13,34,0.382,20,24,0.833,10,32,42,24,5,4,16,24,107,-9.0,2022-11-01
0022200103,1610612751,Brooklyn,Nets,BKN,nets,240:00,36,74,0.486,12,32,0.375,15,19,0.789,4,34,38,27,4,7,18,20,99,-9.0,2022-11-01
0022200103,1610612741,Chicago,Bulls,CHI,bulls,240:00,39,89,0.438,12,30,0.4,18,21,0.857,11,33,44,20,8,4,9,13,108,9.0,2022-11-01
0022200105,1610612760,Oklahoma City,Thunder,OKC,thunder,240:00,45,95,0.474,10,34,0.294,16,20,0.8,8,28,36,28,13,9,15,17,116,8.0,2022-11-01
0022200105,1610612753,Orlando,Magic,ORL,magic,240:00,39,87,0.448,10,29,0.345,20,20,1.0,12,37,49,20,7,10,24,14,108,-8.0,2022-11-01
0022200104,1610612748,Miami,Heat,MIA,heat,240:00,40,88,0.455,16,42,0.381,20,20,1.0,9,30,39,32,7,3,15,16,116,7.0,2022-11-01
0022200104,1610612744,Golden State,Warriors,GSW,warriors,240:00,39,84,0.464,18,49,0.367,13,17,0.765,10,31,41,31,8,5,20,22,109,-7.0,2022-11-01
0022200117,1610612747,Los Angeles,Lakers,LAL,lakers,265:00,45,98,0.459,10,36,0.278,20,23,0.87,11,45,56,30,6,8,17,17,120,3.0,2022-11-02
0022200117,1610612740,New Orleans,Pelicans,NOP,pelicans,265:00,47,102,0.461,8,25,0.32,15,21,0.714,11,40,51,35,10,5,13,20,117,-3.0,2022-11-02
0022200108,1610612755,Philadelphia,76ers,PHI,sixers,240:00,39,84,0.464,19,36,0.528,14,20,0.7,6,26,32,25,3,1,8,25,111,-10.0,2022-11-02
0022200108,1610612764,Washington,Wizards,WAS,wizards,240:00,45,78,0.577,5,21,0.238,26,32,0.813,7,36,43,27,4,9,7,18,121,10.0,2022-11-02
0022200114,1610612759,San Antonio,Spurs,SAS,spurs,240:00,37,94,0.394,14,43,0.326,12,14,0.857,13,33,46,29,3,6,23,20,100,-43.0,2022-11-02
0022200114,1610612761,Toronto,Raptors,TOR,raptors,240:00,57,106,0.538,14,33,0.424,15,16,0.938,9,41,50,31,16,6,11,17,143,43.0,2022-11-02
0022200115,1610612742,Dallas,Mavericks,DAL,mavericks,240:00,42,84,0.5,11,38,0.289,8,15,0.533,7,30,37,20,9,4,11,14,103,3.0,2022-11-02
0022200115,1610612762,Utah,Jazz,UTA,jazz,240:00,39,84,0.464,10,30,0.333,12,14,0.857,12,28,40,28,6,1,16,17,100,-3.0,2022-11-02
0022200109,1610612748,Miami,Heat,MIA,heat,240:00,44,89,0.494,11,34,0.324,11,13,0.846,9,37,46,27,5,5,11,20,110,3.0,2022-11-02
0022200109,1610612758,Sacramento,Kings,SAC,kings,240:00,41,86,0.477,13,36,0.361,12,14,0.857,4,35,39,29,4,3,12,18,107,-3.0,2022-11-02
0022200112,1610612745,Houston,Rockets,HOU,rockets,240:00,37,88,0.42,11,38,0.289,16,21,0.762,16,34,50,17,9,5,19,22,101,-8.0,2022-11-02
0022200112,1610612746,LA,Clippers,LAC,clippers,240:00,41,84,0.488,12,33,0.364,15,19,0.789,9,34,43,20,10,6,14,20,109,8.0,2022-11-02
0022200107,1610612739,Cleveland,Cavaliers,CLE,cavaliers,265:00,42,100,0.42,11,39,0.282,19,24,0.792,9,42,51,24,6,4,11,23,114,1.0,2022-11-02
0022200107,1610612738,Boston,Celtics,BOS,celtics,265:00,38,93,0.409,11,41,0.268,26,27,0.963,8,44,52,26,5,9,14,24,113,-1.0,2022-11-02
0022200110,1610612752,New York,Knicks,NYK,knicks,240:00,37,90,0.411,10,36,0.278,15,20,0.75,12,40,52,23,3,9,16,19,99,-13.0,2022-11-02
0022200110,1610612737,Atlanta,Hawks,ATL,hawks,240:00,44,107,0.411,12,34,0.353,12,16,0.75,17,34,51,28,11,4,7,18,112,13.0,2022-11-02
0022200113,1610612749,Milwaukee,Bucks,MIL,bucks,240:00,43,92,0.467,10,38,0.263,20,24,0.833,15,37,52,24,17,5,16,16,116,25.0,2022-11-02
0022200113,1610612765,Detroit,Pistons,DET,pistons,240:00,33,79,0.418,11,31,0.355,14,15,0.933,2,33,35,18,7,3,21,22,91,-25.0,2022-11-02
0022200111,1610612741,Chicago,Bulls,CHI,bulls,240:00,38,88,0.432,14,31,0.452,16,18,0.889,11,40,51,28,6,9,19,18,106,18.0,2022-11-02
0022200111,1610612766,Charlotte,Hornets,CHA,hornets,240:00,36,92,0.391,7,32,0.219,9,16,0.563,13,34,47,22,12,12,16,14,88,-18.0,2022-11-02
0022200116,1610612757,Portland,Trail Blazers,POR,blazers,240:00,36,89,0.404,13,33,0.394,21,26,0.808,16,30,46,27,5,3,20,17,106,-5.0,2022-11-02
0022200116,1610612763,Memphis,Grizzlies,MEM,grizzlies,240:00,38,83,0.458,13,28,0.464,22,27,0.815,10,36,46,28,7,5,14,19,111,5.0,2022-11-02
0022200118,1610612753,Orlando,Magic,ORL,magic,240:00,42,78,0.538,13,30,0.433,33,46,0.717,11,35,46,20,9,6,19,22,130,1.0,2022-11-03
0022200118,1610612744,Golden State,Warriors,GSW,warriors,240:00,50,97,0.515,19,43,0.442,10,15,0.667,9,26,35,31,5,3,14,32,129,-1.0,2022-11-03
0022200119,1610612760,Oklahoma City,Thunder,OKC,thunder,240:00,45,93,0.484,6,29,0.207,14,19,0.737,10,30,40,19,9,5,10,19,110,-12.0,2022-11-03
0022200119,1610612743,Denver,Nuggets,DEN,nuggets,240:00,45,84,0.536,18,31,0.581,14,16,0.875,8,39,47,32,5,2,18,15,122,12.0,2022-11-03
0022200126,1610612759,San Antonio,Spurs,SAS,spurs,240:00,42,88,0.477,12,31,0.387,10,18,0.556,6,29,35,23,7,2,13,17,106,-7.0,2022-11-04
0022200126,1610612746,LA,Clippers,LAC,clippers,240:00,42,80,0.525,15,33,0.455,14,19,0.737,3,41,44,26,6,5,16,25,113,7.0,2022-11-04
0022200122,1610612755,Philadelphia,76ers,PHI,sixers,240:00,37,98,0.378,13,47,0.277,17,21,0.81,13,31,44,27,12,8,15,25,104,-2.0,2022-11-04
0022200122,1610612752,New York,Knicks,NYK,knicks,240:00,37,80,0.463,9,33,0.273,23,27,0.852,10,40,50,24,5,8,21,21,106,2.0,2022-11-04
0022200121,1610612754,Indiana,Pacers,IND,pacers,240:00,37,80,0.463,12,39,0.308,15,23,0.652,5,37,42,28,7,5,19,19,101,2.0,2022-11-04
0022200121,1610612748,Miami,Heat,MIA,heat,240:00,31,81,0.383,11,39,0.282,26,26,1.0,8,34,42,17,10,2,19,22,99,-2.0,2022-11-04
0022200125,1610612763,Memphis,Grizzlies,MEM,grizzlies,240:00,50,98,0.51,16,36,0.444,14,18,0.778,18,42,60,34,6,10,18,20,130,31.0,2022-11-04
0022200125,1610612766,Charlotte,Hornets,CHA,hornets,240:00,33,86,0.384,8,27,0.296,25,31,0.806,12,29,41,22,11,7,18,17,99,-31.0,2022-11-04
0022200120,1610612765,Detroit,Pistons,DET,pistons,240:00,31,83,0.373,13,37,0.351,13,15,0.867,9,25,34,16,10,6,18,22,88,-24.0,2022-11-04
0022200120,1610612739,Cleveland,Cavaliers,CLE,cavaliers,240:00,44,81,0.543,11,26,0.423,13,16,0.813,10,37,47,30,5,13,18,15,112,24.0,2022-11-04
0022200131,1610612747,Los Angeles,Lakers,LAL,lakers,240:00,40,83,0.482,11,26,0.423,25,28,0.893,9,31,40,22,6,6,11,17,116,-14.0,2022-11-04
0022200131,1610612762,Utah,Jazz,UTA,jazz,240:00,52,103,0.505,17,40,0.425,9,10,0.9,15,33,48,31,8,3,8,22,130,14.0,2022-11-04
0022200123,1610612764,Washington,Wizards,WAS,wizards,240:00,30,83,0.361,8,34,0.235,18,22,0.818,7,32,39,18,4,3,13,15,86,-42.0,2022-11-04
0022200123,1610612751,Brooklyn,Nets,BKN,nets,240:00,50,90,0.556,14,28,0.5,14,14,1.0,7,41,48,32,8,7,7,19,128,42.0,2022-11-04
0022200127,1610612742,Dallas,Mavericks,DAL,mavericks,240:00,39,77,0.506,12,34,0.353,21,25,0.84,6,25,31,23,12,3,18,21,111,1.0,2022-11-04
0022200127,1610612761,Toronto,Raptors,TOR,raptors,240:00,39,88,0.443,11,34,0.324,21,25,0.84,18,26,44,20,10,4,19,22,110,-1.0,2022-11-04
0022200130,1610612756,Phoenix,Suns,PHX,suns,240:00,36,83,0.434,14,34,0.412,20,21,0.952,13,26,39,26,8,4,17,22,106,-2.0,2022-11-04
0022200130,1610612757,Portland,Trail Blazers,POR,blazers,240:00,43,85,0.506,10,23,0.435,12,15,0.8,11,31,42,30,6,3,17,24,108,2.0,2022-11-04
0022200124,1610612738,Boston,Celtics,BOS,celtics,240:00,41,83,0.494,9,31,0.29,32,39,0.821,7,32,39,24,5,7,13,23,123,4.0,2022-11-04
0022200124,1610612741,Chicago,Bulls,CHI,bulls,240:00,43,83,0.518,11,28,0.393,22,25,0.88,4,33,37,21,8,5,17,28,119,-4.0,2022-11-04
0022200128,1610612740,New Orleans,Pelicans,NOP,pelicans,240:00,41,81,0.506,12,29,0.414,20,29,0.69,9,28,37,24,10,2,15,21,114,9.0,2022-11-04
0022200128,1610612744,Golden State,Warriors,GSW,warriors,240:00,35,71,0.493,12,32,0.375,23,25,0.92,3,26,29,23,7,1,22,25,105,-9.0,2022-11-04
0022200129,1610612750,Minnesota,Timberwolves,MIN,timberwolves,240:00,39,92,0.424,11,41,0.268,13,17,0.765,10,37,47,22,2,4,16,25,102,-13.0,2022-11-04
0022200129,1610612749,Milwaukee,Bucks,MIL,bucks,240:00,41,85,0.482,17,38,0.447,16,28,0.571,7,44,51,29,7,2,13,22,115,13.0,2022-11-04
0022200135,1610612752,New York,Knicks,NYK,knicks,240:00,46,90,0.511,11,27,0.407,15,16,0.938,12,32,44,22,6,4,13,14,118,-15.0,2022-11-05
0022200135,1610612738,Boston,Celtics,BOS,celtics,240:00,47,88,0.534,27,51,0.529,12,12,1.0,8,26,34,30,5,2,12,17,133,15.0,2022-11-05
0022200132,1610612753,Orlando,Magic,ORL,magic,265:00,50,92,0.543,4,23,0.174,19,20,0.95,7,41,48,27,8,4,17,26,123,-3.0,2022-11-05
0022200132,1610612758,Sacramento,Kings,SAC,kings,265:00,47,93,0.505,15,40,0.375,17,26,0.654,6,30,36,24,5,4,14,20,126,3.0,2022-11-05
0022200138,1610612743,Denver,Nuggets,DEN,nuggets,240:00,53,87,0.609,15,29,0.517,5,10,0.5,10,37,47,37,10,0,16,15,126,25.0,2022-11-05
0022200138,1610612759,San Antonio,Spurs,SAS,spurs,240:00,39,80,0.488,12,30,0.4,11,19,0.579,6,22,28,28,8,3,15,13,101,-25.0,2022-11-05
0022200137,1610612750,Minnesota,Timberwolves,MIN,timberwolves,240:00,49,80,0.613,15,33,0.455,16,20,0.8,9,27,36,38,11,5,24,27,129,12.0,2022-11-05
0022200137,1610612745,Houston,Rockets,HOU,rockets,240:00,40,84,0.476,16,38,0.421,21,31,0.677,12,21,33,27,10,0,22,18,117,-12.0,2022-11-05
0022200133,1610612766,Charlotte,Hornets,CHA,hornets,240:00,32,86,0.372,14,42,0.333,16,23,0.696,13,37,50,22,3,6,15,21,94,-4.0,2022-11-05
0022200133,1610612751,Brooklyn,Nets,BKN,nets,240:00,33,84,0.393,12,36,0.333,20,22,0.909,9,32,41,23,8,10,11,21,98,4.0,2022-11-05
0022200139,1610612756,Phoenix,Suns,PHX,suns,240:00,35,82,0.427,11,30,0.367,21,28,0.75,11,33,44,22,7,14,14,22,102,20.0,2022-11-05
0022200139,1610612757,Portland,Trail Blazers,POR,blazers,240:00,30,79,0.38,7,15,0.467,15,24,0.625,8,32,40,22,5,7,17,26,82,-20.0,2022-11-05
0022200136,1610612749,Milwaukee,Bucks,MIL,bucks,240:00,38,90,0.422,17,47,0.362,15,17,0.882,18,37,55,23,7,6,18,16,108,14.0,2022-11-05
0022200136,1610612760,Oklahoma City,Thunder,OKC,thunder,240:00,36,84,0.429,12,35,0.343,10,16,0.625,9,29,38,22,6,3,15,18,94,-14.0,2022-11-05
0022200134,1610612737,Atlanta,Hawks,ATL,hawks,265:00,47,103,0.456,9,36,0.25,21,25,0.84,12,38,50,28,12,8,13,23,124,3.0,2022-11-05
0022200134,1610612740,New Orleans,Pelicans,NOP,pelicans,265:00,47,108,0.435,7,23,0.304,20,28,0.714,19,40,59,23,8,6,16,24,121,-3.0,2022-11-05
0022200142,1610612763,Memphis,Grizzlies,MEM,grizzlies,240:00,39,91,0.429,9,29,0.31,16,20,0.8,12,38,50,20,8,2,10,17,103,6.0,2022-11-06
0022200142,1610612764,Washington,Wizards,WAS,wizards,240:00,41,96,0.427,8,41,0.195,7,10,0.7,15,34,49,25,5,5,10,21,97,-6.0,2022-11-06
0022200141,1610612761,Toronto,Raptors,TOR,raptors,240:00,44,103,0.427,10,37,0.27,15,20,0.75,23,29,52,28,11,10,9,16,113,9.0,2022-11-06
0022200141,1610612741,Chicago,Bulls,CHI,bulls,240:00,40,88,0.455,13,36,0.361,11,13,0.846,15,31,46,27,5,10,17,20,104,-9.0,2022-11-06
0022200140,1610612747,Los Angeles,Lakers,LAL,lakers,240:00,40,87,0.46,8,27,0.296,12,21,0.571,10,33,43,24,4,4,16,26,100,-14.0,2022-11-06
0022200140,1610612739,Cleveland,Cavaliers,CLE,cavaliers,240:00,37,84,0.44,8,32,0.25,32,36,0.889,9,39,48,19,7,6,12,20,114,14.0,2022-11-06
0022200143,1610612746,LA,Clippers,LAC,clippers,240:00,43,87,0.494,8,33,0.242,8,13,0.615,4,28,32,22,11,2,13,26,102,-8.0,2022-11-06
0022200143,1610612762,Utah,Jazz,UTA,jazz,240:00,35,75,0.467,15,40,0.375,25,26,0.962,7,35,42,18,5,4,20,15,110,8.0,2022-11-06
0022200147,1610612754,Indiana,Pacers,IND,pacers,240:00,43,86,0.5,22,48,0.458,21,23,0.913,10,35,45,33,6,8,17,19,129,7.0,2022-11-07
0022200147,1610612740,New Orleans,Pelicans,NOP,pelicans,240:00,48,97,0.495,14,34,0.412,12,17,0.706,13,30,43,32,7,4,10,20,122,-7.0,2022-11-07
0022200156,1610612744,Golden State,Warriors,GSW,warriors,240:00,44,88,0.5,14,38,0.368,14,21,0.667,8,40,48,28,5,4,15,21,116,3.0,2022-11-07
0022200156,1610612758,Sacramento,Kings,SAC,kings,240:00,37,91,0.407,14,40,0.35,25,29,0.862,9,34,43,24,9,0,10,20,113,-3.0,2022-11-07
0022200154,1610612759,San Antonio,Spurs,SAS,spurs,240:00,43,82,0.524,12,33,0.364,11,18,0.611,10,28,38,31,14,5,24,17,109,-6.0,2022-11-07
0022200154,1610612743,Denver,Nuggets,DEN,nuggets,240:00,47,88,0.534,8,24,0.333,13,20,0.65,8,32,40,33,14,7,20,14,115,6.0,2022-11-07
0022200148,1610612755,Philadelphia,76ers,PHI,sixers,240:00,31,80,0.388,12,32,0.375,26,31,0.839,15,33,48,22,5,6,15,17,100,12.0,2022-11-07
0022200148,1610612756,Phoenix,Suns,PHX,suns,240:00,32,73,0.438,6,19,0.316,18,22,0.818,6,31,37,19,8,5,13,24,88,-12.0,2022-11-07
0022200146,1610612765,Detroit,Pistons,DET,pistons,240:00,39,93,0.419,9,33,0.273,25,33,0.758,16,42,58,20,6,9,14,19,112,9.0,2022-11-07
0022200146,1610612760,Oklahoma City,Thunder,OKC,thunder,240:00,41,102,0.402,10,33,0.303,11,17,0.647,16,30,46,23,9,11,10,26,103,-9.0,2022-11-07
0022200158,1610612746,LA,Clippers,LAC,clippers,240:00,40,79,0.506,17,38,0.447,22,28,0.786,4,27,31,19,8,2,9,19,119,2.0,2022-11-07
0022200158,1610612739,Cleveland,Cavaliers,CLE,cavaliers,240:00,43,83,0.518,16,33,0.485,15,21,0.714,10,38,48,29,6,2,17,21,117,-2.0,2022-11-07
0022200150,1610612748,Miami,Heat,MIA,heat,240:00,40,84,0.476,14,39,0.359,13,15,0.867,5,27,32,28,11,2,10,18,107,-3.0,2022-11-07
0022200150,1610612757,Portland,Trail Blazers,POR,blazers,240:00,38,72,0.528,16,37,0.432,18,21,0.857,4,33,37,27,7,2,18,16,110,3.0,2022-11-07
0022200157,1610612762,Utah,Jazz,UTA,jazz,240:00,53,95,0.558,16,38,0.421,17,22,0.773,10,31,41,30,10,7,14,23,139,23.0,2022-11-07
0022200157,1610612747,Los Angeles,Lakers,LAL,lakers,240:00,40,82,0.488,9,24,0.375,27,30,0.9,7,26,33,15,7,5,16,21,116,-23.0,2022-11-07
0022200144,1610612766,Charlotte,Hornets,CHA,hornets,240:00,42,101,0.416,5,32,0.156,11,16,0.688,17,28,45,27,8,7,10,23,100,-8.0,2022-11-07
0022200144,1610612764,Washington,Wizards,WAS,wizards,240:00,42,80,0.525,5,19,0.263,19,30,0.633,10,37,47,21,2,6,14,18,108,8.0,2022-11-07
0022200155,1610612742,Dallas,Mavericks,DAL,mavericks,240:00,32,72,0.444,12,28,0.429,20,24,0.833,12,29,41,18,7,3,22,20,96,2.0,2022-11-07
0022200155,1610612751,Brooklyn,Nets,BKN,nets,240:00,35,80,0.438,10,29,0.345,14,19,0.737,14,20,34,22,13,5,13,26,94,-2.0,2022-11-07
0022200149,1610612737,Atlanta,Hawks,ATL,hawks,240:00,46,99,0.465,11,29,0.379,14,17,0.824,12,36,48,23,11,3,12,18,117,19.0,2022-11-07
0022200149,1610612749,Milwaukee,Bucks,MIL,bucks,240:00,36,87,0.414,13,40,0.325,13,16,0.813,6,35,41,21,5,9,18,18,98,-19.0,2022-11-07
0022200151,1610612741,Chicago,Bulls,CHI,bulls,240:00,42,80,0.525,9,28,0.321,18,22,0.818,9,40,49,30,7,7,21,21,111,14.0,2022-11-07
0022200151,1610612761,Toronto,Raptors,TOR,raptors,240:00,36,85,0.424,9,28,0.321,16,22,0.727,5,26,31,24,10,7,14,20,97,-14.0,2022-11-07
0022200145,1610612753,Orlando,Magic,ORL,magic,240:00,45,82,0.549,12,25,0.48,25,31,0.806,11,26,37,27,7,4,19,25,127,-7.0,2022-11-07
0022200145,1610612745,Houston,Rockets,HOU,rockets,240:00,46,87,0.529,24,48,0.5,18,25,0.72,14,26,40,31,9,6,20,23,134,7.0,2022-11-07
0022200152,1610612763,Memphis,Grizzlies,MEM,grizzlies,240:00,41,91,0.451,15,44,0.341,9,14,0.643,8,37,45,27,4,4,11,23,106,-3.0,2022-11-07
0022200152,1610612738,Boston,Celtics,BOS,celtics,240:00,38,82,0.463,12,37,0.324,21,28,0.75,7,38,45,26,5,6,15,19,109,3.0,2022-11-07
0022200153,1610612750,Minnesota,Timberwolves,MIN,timberwolves,240:00,38,81,0.469,11,41,0.268,20,24,0.833,4,35,39,28,7,8,17,18,107,-13.0,2022-11-07
0022200153,1610612752,New York,Knicks,NYK,knicks,240:00,39,89,0.438,19,48,0.396,23,25,0.92,9,34,43,26,13,2,16,23,120,13.0,2022-11-07
0022200164,1610612751,Brooklyn,Nets,BKN,nets,240:00,42,87,0.483,14,34,0.412,14,20,0.7,11,44,55,30,11,5,14,22,112,27.0,2022-11-09
0022200164,1610612752,New York,Knicks,NYK,knicks,240:00,28,87,0.322,12,43,0.279,17,26,0.654,11,35,46,21,5,4,15,18,85,-27.0,2022-11-09
0022200166,1610612741,Chicago,Bulls,CHI,bulls,240:00,44,87,0.506,7,27,0.259,16,18,0.889,6,29,35,23,5,8,15,23,111,-4.0,2022-11-09
0022200166,1610612740,New Orleans,Pelicans,NOP,pelicans,240:00,42,84,0.5,3,19,0.158,28,36,0.778,13,37,50,20,8,5,16,18,115,4.0,2022-11-09
0022200169,1610612759,San Antonio,Spurs,SAS,spurs,265:00,47,98,0.48,12,37,0.324,16,23,0.696,13,26,39,30,8,2,12,17,122,-2.0,2022-11-09
0022200169,1610612763,Memphis,Grizzlies,MEM,grizzlies,265:00,50,98,0.51,14,32,0.438,10,13,0.769,18,35,53,24,4,2,19,22,124,2.0,2022-11-09
0022200170,1610612746,LA,Clippers,LAC,clippers,240:00,41,81,0.506,12,33,0.364,20,26,0.769,6,35,41,24,10,7,15,24,114,13.0,2022-11-09
0022200170,1610612747,Los Angeles,Lakers,LAL,lakers,240:00,40,88,0.455,10,32,0.313,11,17,0.647,8,35,43,26,7,2,15,20,101,-13.0,2022-11-09
0022200167,1610612750,Minnesota,Timberwolves,MIN,timberwolves,240:00,41,78,0.526,9,27,0.333,26,32,0.813,8,30,38,26,4,6,19,22,117,-12.0,2022-11-09
0022200167,1610612756,Phoenix,Suns,PHX,suns,240:00,47,97,0.485,16,35,0.457,19,20,0.95,10,26,36,31,10,3,11,21,129,12.0,2022-11-09
0022200165,1610612761,Toronto,Raptors,TOR,raptors,240:00,42,102,0.412,15,44,0.341,17,20,0.85,22,28,50,19,12,9,13,26,116,7.0,2022-11-09
0022200165,1610612745,Houston,Rockets,HOU,rockets,240:00,37,84,0.44,9,35,0.257,26,31,0.839,16,33,49,29,9,7,16,18,109,-7.0,2022-11-09
0022200171,1610612758,Sacramento,Kings,SAC,kings,240:00,40,76,0.526,17,39,0.436,30,35,0.857,2,22,24,30,12,4,9,20,127,7.0,2022-11-09
0022200171,1610612739,Cleveland,Cavaliers,CLE,cavaliers,240:00,46,86,0.535,11,26,0.423,17,20,0.85,12,30,42,24,4,1,18,23,120,-7.0,2022-11-09
0022200163,1610612738,Boston,Celtics,BOS,celtics,240:00,47,88,0.534,18,46,0.391,16,21,0.762,8,35,43,31,5,4,12,25,128,16.0,2022-11-09
0022200163,1610612765,Detroit,Pistons,DET,pistons,240:00,37,89,0.416,7,33,0.212,31,40,0.775,15,33,48,15,7,3,10,19,112,-16.0,2022-11-09
0022200162,1610612737,Atlanta,Hawks,ATL,hawks,240:00,51,109,0.468,8,28,0.286,9,11,0.818,17,37,54,24,5,5,11,16,119,-6.0,2022-11-09
0022200162,1610612762,Utah,Jazz,UTA,jazz,240:00,44,94,0.468,17,39,0.436,20,24,0.833,13,34,47,27,5,6,13,20,125,6.0,2022-11-09
0022200168,1610612760,Oklahoma City,Thunder,OKC,thunder,290:00,50,111,0.45,18,45,0.4,14,19,0.737,16,39,55,24,9,9,13,26,132,-4.0,2022-11-09
0022200168,1610612749,Milwaukee,Bucks,MIL,bucks,290:00,50,106,0.472,17,36,0.472,19,22,0.864,11,44,55,27,8,7,16,23,136,4.0,2022-11-09
0022200159,1610612766,Charlotte,Hornets,CHA,hornets,240:00,34,91,0.374,10,40,0.25,17,24,0.708,20,22,42,21,10,3,11,22,95,-10.0,2022-11-09
0022200159,1610612757,Portland,Trail Blazers,POR,blazers,240:00,40,75,0.533,11,34,0.324,14,25,0.56,8,37,45,28,5,4,17,19,105,10.0,2022-11-09
0022200160,1610612754,Indiana,Pacers,IND,pacers,240:00,45,96,0.469,14,42,0.333,15,19,0.789,11,33,44,28,9,5,18,23,119,-3.0,2022-11-09
0022200160,1610612743,Denver,Nuggets,DEN,nuggets,240:00,43,88,0.489,12,28,0.429,24,26,0.923,11,36,47,27,10,7,20,15,122,3.0,2022-11-09
0022200161,1610612753,Orlando,Magic,ORL,magic,240:00,36,73,0.493,8,21,0.381,14,21,0.667,4,45,49,20,1,6,18,20,94,7.0,2022-11-09
0022200161,1610612742,Dallas,Mavericks,DAL,mavericks,240:00,32,85,0.376,11,42,0.262,12,19,0.632,4,25,29,17,14,4,4,19,87,-7.0,2022-11-09
0022200172,1610612764,Washington,Wizards,WAS,wizards,240:00,41,84,0.488,12,30,0.4,19,20,0.95,8,44,52,25,5,5,17,21,113,8.0,2022-11-10
0022200172,1610612742,Dallas,Mavericks,DAL,mavericks,240:00,37,86,0.43,18,47,0.383,13,21,0.619,7,34,41,19,9,1,12,13,105,-8.0,2022-11-10
0022200174,1610612748,Miami,Heat,MIA,heat,265:00,39,90,0.433,10,36,0.278,29,36,0.806,8,30,38,21,9,1,10,25,117,5.0,2022-11-10
0022200174,1610612766,Charlotte,Hornets,CHA,hornets,265:00,43,88,0.489,14,39,0.359,12,20,0.6,8,42,50,23,4,2,20,30,112,-5.0,2022-11-10
0022200173,1610612737,Atlanta,Hawks,ATL,hawks,240:00,39,88,0.443,6,26,0.231,20,23,0.87,11,43,54,19,8,2,18,22,104,9.0,2022-11-10
0022200173,1610612755,Philadelphia,76ers,PHI,sixers,240:00,32,83,0.386,6,30,0.2,25,30,0.833,9,36,45,15,10,5,17,22,95,-9.0,2022-11-10
0022200175,1610612740,New Orleans,Pelicans,NOP,pelicans,240:00,33,79,0.418,10,28,0.357,19,24,0.792,9,36,45,19,3,5,17,21,95,-11.0,2022-11-10
0022200175,1610612757,Portland,Trail Blazers,POR,blazers,240:00,37,85,0.435,12,34,0.353,20,26,0.769,11,35,46,25,8,2,8,14,106,11.0,2022-11-10
0022200178,1610612752,New York,Knicks,NYK,knicks,240:00,42,94,0.447,10,40,0.25,27,29,0.931,16,31,47,23,7,3,11,31,121,9.0,2022-11-11
0022200178,1610612765,Detroit,Pistons,DET,pistons,240:00,37,80,0.463,7,31,0.226,31,41,0.756,12,31,43,22,6,6,15,23,112,-9.0,2022-11-11
0022200183,1610612747,Los Angeles,Lakers,LAL,lakers,240:00,42,88,0.477,10,25,0.4,20,26,0.769,14,27,41,22,11,5,14,22,114,-6.0,2022-11-11
0022200183,1610612758,Sacramento,Kings,SAC,kings,240:00,45,87,0.517,12,36,0.333,18,21,0.857,10,30,40,27,10,4,15,17,120,6.0,2022-11-11
0022200176,1610612738,Boston,Celtics,BOS,celtics,240:00,50,90,0.556,16,37,0.432,15,20,0.75,10,36,46,30,3,5,7,19,131,19.0,2022-11-11
0022200176,1610612743,Denver,Nuggets,DEN,nuggets,240:00,42,92,0.457,12,29,0.414,16,20,0.8,11,27,38,26,3,1,5,16,112,-19.0,2022-11-11
0022200180,1610612759,San Antonio,Spurs,SAS,spurs,240:00,43,85,0.506,12,31,0.387,13,15,0.867,9,41,50,22,3,13,19,22,111,18.0,2022-11-11
0022200180,1610612749,Milwaukee,Bucks,MIL,bucks,240:00,32,98,0.327,12,43,0.279,17,23,0.739,21,27,48,22,7,5,13,14,93,-18.0,2022-11-11
0022200177,1610612753,Orlando,Magic,ORL,magic,240:00,43,82,0.524,15,33,0.455,13,15,0.867,9,41,50,23,2,4,13,11,114,17.0,2022-11-11
0022200177,1610612756,Phoenix,Suns,PHX,suns,240:00,38,95,0.4,13,42,0.31,8,9,0.889,11,27,38,22,7,4,11,14,97,-17.0,2022-11-11
0022200179,1610612760,Oklahoma City,Thunder,OKC,thunder,240:00,52,93,0.559,15,36,0.417,13,17,0.765,15,29,44,31,10,6,19,27,132,19.0,2022-11-11
0022200179,1610612761,Toronto,Raptors,TOR,raptors,240:00,38,88,0.432,11,30,0.367,26,36,0.722,14,25,39,20,13,4,16,16,113,-19.0,2022-11-11
0022200182,1610612744,Golden State,Warriors,GSW,warriors,240:00,40,82,0.488,15,36,0.417,11,14,0.786,8,36,44,29,5,3,14,27,106,5.0,2022-11-11
0022200182,1610612739,Cleveland,Cavaliers,CLE,cavaliers,240:00,37,92,0.402,8,30,0.267,19,26,0.731,14,32,46,25,6,3,10,17,101,-5.0,2022-11-11
0022200181,1610612763,Memphis,Grizzlies,MEM,grizzlies,240:00,44,88,0.5,7,33,0.212,19,27,0.704,15,31,46,25,8,3,13,19,114,11.0,2022-11-11
0022200181,1610612750,Minnesota,Timberwolves,MIN,timberwolves,240:00,37,79,0.468,10,30,0.333,19,22,0.864,7,26,33,29,10,4,14,25,103,-11.0,2022-11-11
0022200191,1610612740,New Orleans,Pelicans,NOP,pelicans,240:00,42,86,0.488,8,29,0.276,27,31,0.871,12,24,36,28,13,1,12,23,119,13.0,2022-11-12
0022200191,1610612745,Houston,Rockets,HOU,rockets,240:00,40,79,0.506,12,36,0.333,14,18,0.778,10,33,43,24,7,4,26,23,106,-13.0,2022-11-12
0022200186,1610612765,Detroit,Pistons,DET,pistons,240:00,37,89,0.416,16,38,0.421,18,21,0.857,11,39,50,23,4,3,14,23,108,-9.0,2022-11-12
0022200186,1610612738,Boston,Celtics,BOS,celtics,240:00,39,91,0.429,18,48,0.375,21,24,0.875,9,33,42,27,6,4,7,17,117,9.0,2022-11-12
0022200189,1610612748,Miami,Heat,MIA,heat,240:00,49,93,0.527,16,41,0.39,18,21,0.857,9,37,46,32,7,5,12,19,132,17.0,2022-11-12
0022200189,1610612766,Charlotte,Hornets,CHA,hornets,240:00,46,90,0.511,9,31,0.29,14,16,0.875,4,33,37,25,4,3,12,21,115,-17.0,2022-11-12
0022200188,1610612755,Philadelphia,76ers,PHI,sixers,240:00,44,80,0.55,8,24,0.333,25,31,0.806,2,29,31,24,10,5,12,26,121,12.0,2022-11-12
0022200188,1610612737,Atlanta,Hawks,ATL,hawks,240:00,40,89,0.449,6,24,0.25,23,27,0.852,12,31,43,20,4,2,18,19,109,-12.0,2022-11-12
0022200185,1610612764,Washington,Wizards,WAS,wizards,240:00,44,88,0.5,16,36,0.444,17,20,0.85,6,40,46,27,6,8,9,14,121,9.0,2022-11-12
0022200185,1610612762,Utah,Jazz,UTA,jazz,240:00,44,94,0.468,14,40,0.35,10,11,0.909,7,35,42,33,4,3,12,17,112,-9.0,2022-11-12
0022200187,1610612754,Indiana,Pacers,IND,pacers,240:00,41,82,0.5,19,43,0.442,17,23,0.739,11,40,51,33,4,6,21,23,118,14.0,2022-11-12
0022200187,1610612761,Toronto,Raptors,TOR,raptors,240:00,37,94,0.394,7,35,0.2,23,29,0.793,16,27,43,14,12,8,12,18,104,-14.0,2022-11-12
0022200190,1610612742,Dallas,Mavericks,DAL,mavericks,240:00,41,81,0.506,14,43,0.326,21,26,0.808,7,33,40,26,8,2,11,27,117,5.0,2022-11-12
0022200190,1610612757,Portland,Trail Blazers,POR,blazers,240:00,36,80,0.45,13,31,0.419,27,35,0.771,12,32,44,20,6,2,12,21,112,-5.0,2022-11-12
0022200184,1610612746,LA,Clippers,LAC,clippers,240:00,34,85,0.4,11,31,0.355,16,20,0.8,10,36,46,22,4,6,16,17,95,-15.0,2022-11-12
0022200184,1610612751,Brooklyn,Nets,BKN,nets,240:00,40,83,0.482,16,35,0.457,14,21,0.667,6,35,41,27,9,6,12,18,110,15.0,2022-11-12
0022200192,1610612752,New York,Knicks,NYK,knicks,240:00,48,97,0.495,10,31,0.323,29,33,0.879,13,22,35,25,13,2,13,18,135,-10.0,2022-11-13
0022200192,1610612760,Oklahoma City,Thunder,OKC,thunder,240:00,55,88,0.625,17,31,0.548,18,20,0.9,4,34,38,31,9,5,19,27,145,10.0,2022-11-13
0022200197,1610612758,Sacramento,Kings,SAC,kings,240:00,47,91,0.516,16,37,0.432,12,19,0.632,9,36,45,31,8,2,15,17,122,7.0,2022-11-13
0022200197,1610612744,Golden State,Warriors,GSW,warriors,240:00,42,90,0.467,16,47,0.34,15,16,0.938,8,35,43,27,5,5,18,20,115,-7.0,2022-11-13
0022200194,1610612764,Washington,Wizards,WAS,wizards,240:00,36,86,0.419,19,40,0.475,11,21,0.524,9,38,47,26,9,6,15,15,102,10.0,2022-11-13
0022200194,1610612763,Memphis,Grizzlies,MEM,grizzlies,240:00,38,96,0.396,9,28,0.321,7,10,0.7,14,37,51,21,7,6,16,24,92,-10.0,2022-11-13
0022200193,1610612739,Cleveland,Cavaliers,CLE,cavaliers,240:00,40,89,0.449,17,34,0.5,27,39,0.692,16,24,40,22,6,1,10,22,124,-5.0,2022-11-13
0022200193,1610612750,Minnesota,Timberwolves,MIN,timberwolves,240:00,46,82,0.561,12,24,0.5,25,34,0.735,11,36,47,30,5,4,13,30,129,5.0,2022-11-13
0022200196,1610612741,Chicago,Bulls,CHI,bulls,240:00,40,81,0.494,6,22,0.273,17,21,0.81,8,28,36,24,9,4,18,19,103,-23.0,2022-11-13
0022200196,1610612743,Denver,Nuggets,DEN,nuggets,240:00,48,80,0.6,13,27,0.481,17,21,0.81,5,31,36,33,11,3,16,17,126,23.0,2022-11-13
0022200198,1610612747,Los Angeles,Lakers,LAL,lakers,240:00,44,91,0.484,11,27,0.407,17,20,0.85,12,33,45,25,3,2,9,22,116,13.0,2022-11-13
0022200198,1610612751,Brooklyn,Nets,BKN,nets,240:00,36,80,0.45,7,27,0.259,24,31,0.774,8,33,41,22,5,5,12,17,103,-13.0,2022-11-13
0022200195,1610612755,Philadelphia,76ers,PHI,sixers,240:00,40,83,0.482,4,23,0.174,21,26,0.808,8,31,39,21,12,14,12,19,105,7.0,2022-11-13
0022200195,1610612762,Utah,Jazz,UTA,jazz,240:00,37,94,0.394,11,37,0.297,13,23,0.565,18,32,50,23,3,4,17,17,98,-7.0,2022-11-13
0022200204,1610612749,Milwaukee,Bucks,MIL,bucks,240:00,34,82,0.415,6,29,0.207,32,41,0.78,11,35,46,21,4,3,15,26,106,-15.0,2022-11-14
0022200204,1610612737,Atlanta,Hawks,ATL,hawks,240:00,44,92,0.478,7,20,0.35,26,30,0.867,13,32,45,23,4,4,9,23,121,15.0,2022-11-14
0022200205,1610612744,Golden State,Warriors,GSW,warriors,240:00,47,88,0.534,23,45,0.511,15,16,0.938,5,35,40,35,9,3,12,17,132,37.0,2022-11-14
0022200205,1610612759,San Antonio,Spurs,SAS,spurs,240:00,36,100,0.36,10,40,0.25,13,19,0.684,22,31,53,18,6,6,18,17,95,-37.0,2022-11-14
0022200199,1610612765,Detroit,Pistons,DET,pistons,240:00,35,77,0.455,10,31,0.323,31,43,0.721,11,28,39,23,8,2,19,23,111,-4.0,2022-11-14
0022200199,1610612761,Toronto,Raptors,TOR,raptors,240:00,40,82,0.488,8,27,0.296,27,28,0.964,12,30,42,27,7,8,17,27,115,4.0,2022-11-14
0022200202,1610612748,Miami,Heat,MIA,heat,240:00,38,83,0.458,15,33,0.455,22,25,0.88,17,25,42,23,6,4,14,10,113,1.0,2022-11-14
0022200202,1610612756,Phoenix,Suns,PHX,suns,240:00,48,99,0.485,14,36,0.389,2,4,0.5,20,25,45,22,9,4,11,22,112,-1.0,2022-11-14
0022200200,1610612753,Orlando,Magic,ORL,magic,240:00,36,88,0.409,14,36,0.389,19,23,0.826,22,26,48,23,3,7,22,18,105,-7.0,2022-11-14
0022200200,1610612766,Charlotte,Hornets,CHA,hornets,240:00,42,88,0.477,7,35,0.2,21,24,0.875,14,23,37,22,15,7,12,23,112,7.0,2022-11-14
0022200201,1610612738,Boston,Celtics,BOS,celtics,240:00,46,96,0.479,10,37,0.27,24,29,0.828,10,36,46,25,15,7,14,20,126,4.0,2022-11-14
0022200201,1610612760,Oklahoma City,Thunder,OKC,thunder,240:00,47,98,0.48,11,30,0.367,17,21,0.81,10,41,51,21,4,6,19,21,122,-4.0,2022-11-14
0022200203,1610612745,Houston,Rockets,HOU,rockets,240:00,39,86,0.453,9,30,0.3,19,31,0.613,10,30,40,20,11,3,14,22,106,-16.0,2022-11-14
0022200203,1610612746,LA,Clippers,LAC,clippers,240:00,41,81,0.506,14,38,0.368,26,33,0.788,9,35,44,25,6,4,16,23,122,16.0,2022-11-14
0022200206,1610612740,New Orleans,Pelicans,NOP,pelicans,240:00,43,91,0.473,18,38,0.474,9,12,0.75,7,36,43,31,2,8,10,20,113,11.0,2022-11-15
0022200206,1610612763,Memphis,Grizzlies,MEM,grizzlies,240:00,38,92,0.413,9,35,0.257,17,25,0.68,14,37,51,16,6,8,11,17,102,-11.0,2022-11-15
0022200207,1610612742,Dallas,Mavericks,DAL,mavericks,240:00,35,80,0.438,17,43,0.395,16,24,0.667,8,26,34,20,12,1,12,20,103,2.0,2022-11-15
0022200207,1610612746,LA,Clippers,LAC,clippers,240:00,34,64,0.531,12,28,0.429,21,26,0.808,3,37,40,23,8,2,21,27,101,-2.0,2022-11-15
0022200210,1610612758,Sacramento,Kings,SAC,kings,240:00,56,94,0.596,20,41,0.488,21,25,0.84,9,34,43,39,9,4,16,24,153,32.0,2022-11-15
0022200210,1610612751,Brooklyn,Nets,BKN,nets,240:00,40,81,0.494,11,28,0.393,30,33,0.909,3,26,29,25,5,3,17,18,121,-32.0,2022-11-15
0022200208,1610612762,Utah,Jazz,UTA,jazz,240:00,36,83,0.434,14,43,0.326,25,30,0.833,15,34,49,29,7,5,20,22,111,-7.0,2022-11-15
0022200208,1610612752,New York,Knicks,NYK,knicks,240:00,44,93,0.473,11,32,0.344,19,25,0.76,13,30,43,26,10,3,12,25,118,7.0,2022-11-15
0022200209,1610612757,Portland,Trail Blazers,POR,blazers,240:00,41,79,0.519,15,32,0.469,20,26,0.769,9,30,39,22,6,3,15,17,117,7.0,2022-11-15
0022200209,1610612759,San Antonio,Spurs,SAS,spurs,240:00,44,85,0.518,9,29,0.31,13,17,0.765,11,27,38,34,7,5,19,25,110,-7.0,2022-11-15
0022200219,1610612743,Denver,Nuggets,DEN,nuggets,240:00,36,82,0.439,14,38,0.368,17,20,0.85,8,34,42,18,3,5,15,25,103,-3.0,2022-11-16
0022200219,1610612752,New York,Knicks,NYK,knicks,240:00,37,84,0.44,8,34,0.235,24,31,0.774,6,34,40,24,12,5,7,18,106,3.0,2022-11-16
0022200214,1610612737,Atlanta,Hawks,ATL,hawks,240:00,42,101,0.416,7,32,0.219,10,13,0.769,14,31,45,21,5,5,9,11,101,-25.0,2022-11-16
0022200214,1610612738,Boston,Celtics,BOS,celtics,240:00,48,88,0.545,21,46,0.457,9,10,0.9,6,43,49,29,4,8,14,20,126,25.0,2022-11-16
0022200212,1610612753,Orlando,Magic,ORL,magic,240:00,42,93,0.452,9,35,0.257,15,17,0.882,12,35,47,21,6,5,16,26,108,-18.0,2022-11-16
0022200212,1610612750,Minnesota,Timberwolves,MIN,timberwolves,240:00,46,88,0.523,12,36,0.333,22,28,0.786,8,32,40,28,15,6,10,15,126,18.0,2022-11-16
0022200220,1610612756,Phoenix,Suns,PHX,suns,240:00,44,86,0.512,21,40,0.525,21,25,0.84,8,39,47,33,5,8,15,22,130,11.0,2022-11-16
0022200220,1610612744,Golden State,Warriors,GSW,warriors,240:00,42,92,0.457,18,42,0.429,17,17,1.0,6,34,40,30,5,3,17,23,119,-11.0,2022-11-16
0022200213,1610612764,Washington,Wizards,WAS,wizards,240:00,44,86,0.512,17,34,0.5,15,17,0.882,11,30,41,32,8,5,19,20,120,-1.0,2022-11-16
0022200213,1610612760,Oklahoma City,Thunder,OKC,thunder,240:00,44,81,0.543,16,31,0.516,17,26,0.654,9,28,37,24,4,7,15,22,121,1.0,2022-11-16
0022200215,1610612761,Toronto,Raptors,TOR,raptors,240:00,44,86,0.512,7,26,0.269,17,22,0.773,16,26,42,23,5,3,14,23,112,8.0,2022-11-16
0022200215,1610612748,Miami,Heat,MIA,heat,240:00,36,66,0.545,13,35,0.371,19,22,0.864,4,19,23,19,5,4,23,20,104,-8.0,2022-11-16
0022200217,1610612740,New Orleans,Pelicans,NOP,pelicans,240:00,43,85,0.506,17,33,0.515,21,24,0.875,12,34,46,30,4,6,13,18,124,14.0,2022-11-16
0022200217,1610612741,Chicago,Bulls,CHI,bulls,240:00,44,89,0.494,11,32,0.344,11,17,0.647,7,30,37,25,2,1,12,18,110,-14.0,2022-11-16
0022200211,1610612766,Charlotte,Hornets,CHA,hornets,240:00,43,94,0.457,12,33,0.364,15,18,0.833,14,30,44,29,8,4,17,23,113,-12.0,2022-11-16
0022200211,1610612754,Indiana,Pacers,IND,pacers,240:00,44,82,0.537,11,28,0.393,26,31,0.839,7,27,34,27,11,9,12,18,125,12.0,2022-11-16
0022200216,1610612749,Milwaukee,Bucks,MIL,bucks,240:00,41,86,0.477,16,39,0.41,15,27,0.556,13,39,52,26,5,6,14,16,113,15.0,2022-11-16
0022200216,1610612739,Cleveland,Cavaliers,CLE,cavaliers,240:00,36,84,0.429,12,28,0.429,14,17,0.824,6,28,34,22,7,7,8,18,98,-15.0,2022-11-16
0022200218,1610612742,Dallas,Mavericks,DAL,mavericks,240:00,31,102,0.304,12,55,0.218,18,19,0.947,13,25,38,21,9,2,6,19,92,-9.0,2022-11-16
0022200218,1610612745,Houston,Rockets,HOU,rockets,240:00,35,75,0.467,10,22,0.455,21,24,0.875,9,47,56,21,1,19,20,19,101,9.0,2022-11-16
0022200223,1610612746,LA,Clippers,LAC,clippers,240:00,33,81,0.407,11,30,0.367,19,24,0.792,10,41,51,17,1,1,18,21,96,5.0,2022-11-17
0022200223,1610612765,Detroit,Pistons,DET,pistons,240:00,33,88,0.375,6,31,0.194,19,24,0.792,10,33,43,15,9,7,12,26,91,-5.0,2022-11-17
0022200222,1610612758,Sacramento,Kings,SAC,kings,240:00,48,83,0.578,12,30,0.4,22,24,0.917,6,31,37,28,7,1,12,15,130,18.0,2022-11-17
0022200222,1610612759,San Antonio,Spurs,SAS,spurs,240:00,46,84,0.548,11,26,0.423,9,12,0.75,7,25,32,29,8,6,18,22,112,-18.0,2022-11-17
0022200221,1610612757,Portland,Trail Blazers,POR,blazers,240:00,36,93,0.387,13,36,0.361,22,27,0.815,8,31,39,22,9,5,9,22,107,-2.0,2022-11-17
0022200221,1610612751,Brooklyn,Nets,BKN,nets,240:00,40,79,0.506,11,29,0.379,18,23,0.783,5,42,47,32,4,5,17,24,109,2.0,2022-11-17
0022200226,1610612755,Philadelphia,76ers,PHI,sixers,240:00,40,78,0.513,13,28,0.464,17,26,0.654,6,35,41,28,5,5,18,18,110,8.0,2022-11-18
0022200226,1610612749,Milwaukee,Bucks,MIL,bucks,240:00,41,90,0.456,12,36,0.333,8,21,0.381,8,34,42,22,8,7,12,18,102,-8.0,2022-11-18
0022200224,1610612764,Washington,Wizards,WAS,wizards,265:00,41,96,0.427,15,46,0.326,10,14,0.714,8,46,54,33,6,4,15,25,107,1.0,2022-11-18
0022200224,1610612748,Miami,Heat,MIA,heat,265:00,35,98,0.357,11,43,0.256,25,32,0.781,10,43,53,23,6,4,9,15,106,-1.0,2022-11-18
0022200225,1610612739,Cleveland,Cavaliers,CLE,cavaliers,290:00,49,92,0.533,8,28,0.286,26,32,0.813,7,43,50,25,8,8,19,25,132,10.0,2022-11-18
0022200225,1610612766,Charlotte,Hornets,CHA,hornets,290:00,44,110,0.4,14,44,0.318,20,24,0.833,17,36,53,24,11,6,14,33,122,-10.0,2022-11-18
0022200234,1610612747,Los Angeles,Lakers,LAL,lakers,240:00,43,78,0.551,7,20,0.35,35,40,0.875,7,37,44,29,2,7,16,24,128,7.0,2022-11-18
0022200234,1610612765,Detroit,Pistons,DET,pistons,240:00,43,92,0.467,11,34,0.324,24,32,0.75,10,27,37,27,9,4,11,30,121,-7.0,2022-11-18
0022200233,1610612744,Golden State,Warriors,GSW,warriors,240:00,41,91,0.451,18,50,0.36,11,20,0.55,12,39,51,32,8,3,16,26,111,10.0,2022-11-18
0022200233,1610612752,New York,Knicks,NYK,knicks,240:00,30,87,0.345,9,34,0.265,32,34,0.941,13,32,45,16,8,7,16,16,101,-10.0,2022-11-18
0022200229,1610612763,Memphis,Grizzlies,MEM,grizzlies,240:00,39,93,0.419,14,39,0.359,29,40,0.725,17,40,57,26,4,7,11,13,121,11.0,2022-11-18
0022200229,1610612760,Oklahoma City,Thunder,OKC,thunder,240:00,45,96,0.469,11,34,0.324,9,11,0.818,8,35,43,34,5,9,10,28,110,-11.0,2022-11-18
0022200227,1610612741,Chicago,Bulls,CHI,bulls,240:00,41,89,0.461,5,21,0.238,20,25,0.8,13,33,46,27,6,6,11,19,107,-1.0,2022-11-18
0022200227,1610612753,Orlando,Magic,ORL,magic,240:00,38,77,0.494,12,28,0.429,20,22,0.909,6,35,41,25,4,7,16,25,108,1.0,2022-11-18
0022200228,1610612745,Houston,Rockets,HOU,rockets,240:00,29,86,0.337,6,28,0.214,27,32,0.844,14,35,49,15,8,4,17,24,91,-8.0,2022-11-18
0022200228,1610612754,Indiana,Pacers,IND,pacers,240:00,33,82,0.402,12,41,0.293,21,27,0.778,12,33,45,25,8,10,15,26,99,8.0,2022-11-18
0022200232,1610612762,Utah,Jazz,UTA,jazz,240:00,51,91,0.56,16,31,0.516,16,24,0.667,11,25,36,32,6,3,16,28,134,1.0,2022-11-18
0022200232,1610612756,Phoenix,Suns,PHX,suns,240:00,49,94,0.521,9,30,0.3,26,28,0.929,12,30,42,29,7,6,14,25,133,-1.0,2022-11-18
0022200231,1610612740,New Orleans,Pelicans,NOP,pelicans,240:00,43,87,0.494,13,35,0.371,10,13,0.769,7,30,37,24,13,3,11,18,109,-8.0,2022-11-18
0022200231,1610612738,Boston,Celtics,BOS,celtics,240:00,41,85,0.482,20,46,0.435,15,17,0.882,11,35,46,28,6,3,17,13,117,8.0,2022-11-18
0022200230,1610612742,Dallas,Mavericks,DAL,mavericks,240:00,46,77,0.597,13,32,0.406,22,28,0.786,6,38,44,29,5,3,10,19,127,28.0,2022-11-18
0022200230,1610612743,Denver,Nuggets,DEN,nuggets,240:00,38,90,0.422,10,30,0.333,13,18,0.722,13,23,36,24,4,1,11,20,99,-28.0,2022-11-18
0022200238,1610612757,Portland,Trail Blazers,POR,blazers,240:00,39,83,0.47,13,42,0.31,22,27,0.815,10,33,43,27,11,8,17,22,113,-5.0,2022-11-19
0022200238,1610612762,Utah,Jazz,UTA,jazz,240:00,42,91,0.462,14,39,0.359,20,23,0.87,11,31,42,23,6,4,13,20,118,5.0,2022-11-19
0022200237,1610612755,Philadelphia,76ers,PHI,sixers,240:00,34,71,0.479,14,32,0.438,27,32,0.844,4,35,39,21,10,1,22,24,109,-3.0,2022-11-19
0022200237,1610612750,Minnesota,Timberwolves,MIN,timberwolves,240:00,40,85,0.471,12,36,0.333,20,24,0.833,8,35,43,28,9,2,17,25,112,3.0,2022-11-19
0022200235,1610612737,Atlanta,Hawks,ATL,hawks,265:00,46,92,0.5,7,25,0.28,25,32,0.781,11,39,50,23,5,5,14,20,124,2.0,2022-11-19
0022200235,1610612761,Toronto,Raptors,TOR,raptors,265:00,48,108,0.444,8,37,0.216,18,22,0.818,17,34,51,27,11,6,13,25,122,-2.0,2022-11-19
0022200239,1610612746,LA,Clippers,LAC,clippers,240:00,44,81,0.543,21,40,0.525,10,19,0.526,7,28,35,32,9,1,12,20,119,22.0,2022-11-19
0022200239,1610612759,San Antonio,Spurs,SAS,spurs,240:00,36,87,0.414,7,26,0.269,18,21,0.857,15,28,43,22,4,2,15,13,97,-22.0,2022-11-19
0022200236,1610612754,Indiana,Pacers,IND,pacers,240:00,41,90,0.456,18,46,0.391,14,19,0.737,12,30,42,27,5,6,15,18,114,1.0,2022-11-19
0022200236,1610612753,Orlando,Magic,ORL,magic,240:00,39,91,0.429,16,42,0.381,19,26,0.731,11,30,41,16,8,6,9,17,113,-1.0,2022-11-19
0022200240,1610612756,Phoenix,Suns,PHX,suns,240:00,43,101,0.426,17,39,0.436,13,18,0.722,22,38,60,35,3,8,13,22,116,21.0,2022-11-20
0022200240,1610612752,New York,Knicks,NYK,knicks,240:00,34,85,0.4,7,25,0.28,20,25,0.8,10,29,39,20,4,7,10,15,95,-21.0,2022-11-20
0022200244,1610612739,Cleveland,Cavaliers,CLE,cavaliers,240:00,44,83,0.53,13,37,0.351,12,16,0.75,13,36,49,31,7,1,19,23,113,26.0,2022-11-20
0022200244,1610612748,Miami,Heat,MIA,heat,240:00,31,80,0.388,6,31,0.194,19,22,0.864,11,19,30,17,6,3,16,16,87,-26.0,2022-11-20
0022200243,1610612751,Brooklyn,Nets,BKN,nets,240:00,50,83,0.602,16,34,0.471,11,15,0.733,5,40,45,33,5,5,18,25,127,12.0,2022-11-20
0022200243,1610612763,Memphis,Grizzlies,MEM,grizzlies,240:00,43,99,0.434,12,37,0.324,17,31,0.548,13,31,44,28,13,0,10,12,115,-12.0,2022-11-20
0022200242,1610612758,Sacramento,Kings,SAC,kings,240:00,47,85,0.553,12,35,0.343,31,35,0.886,8,33,41,29,4,0,11,18,137,8.0,2022-11-20
0022200242,1610612765,Detroit,Pistons,DET,pistons,240:00,47,89,0.528,15,29,0.517,20,23,0.87,10,25,35,20,4,3,12,24,129,-8.0,2022-11-20
0022200247,1610612747,Los Angeles,Lakers,LAL,lakers,240:00,45,85,0.529,12,34,0.353,21,24,0.875,5,49,54,29,5,2,15,10,123,31.0,2022-11-20
0022200247,1610612759,San Antonio,Spurs,SAS,spurs,240:00,41,105,0.39,7,34,0.206,3,10,0.3,13,31,44,26,7,2,10,17,92,-31.0,2022-11-20
0022200241,1610612764,Washington,Wizards,WAS,wizards,240:00,40,93,0.43,13,34,0.382,13,18,0.722,14,35,49,19,6,13,17,19,106,4.0,2022-11-20
0022200241,1610612766,Charlotte,Hornets,CHA,hornets,240:00,39,100,0.39,8,32,0.25,16,23,0.696,15,36,51,19,5,5,13,18,102,-4.0,2022-11-20
0022200246,1610612742,Dallas,Mavericks,DAL,mavericks,240:00,35,78,0.449,15,42,0.357,12,21,0.571,6,30,36,24,5,3,12,18,97,-1.0,2022-11-20
0022200246,1610612743,Denver,Nuggets,DEN,nuggets,240:00,37,78,0.474,9,27,0.333,15,19,0.789,4,40,44,22,10,5,15,20,98,1.0,2022-11-20
0022200245,1610612745,Houston,Rockets,HOU,rockets,240:00,41,90,0.456,15,45,0.333,23,27,0.852,12,33,45,24,13,1,12,12,120,-7.0,2022-11-20
0022200245,1610612744,Golden State,Warriors,GSW,warriors,240:00,46,86,0.535,24,47,0.511,11,15,0.733,8,32,40,38,8,5,17,22,127,7.0,2022-11-20
0022200255,1610612746,LA,Clippers,LAC,clippers,240:00,47,91,0.516,9,24,0.375,18,19,0.947,12,29,41,26,6,6,16,20,121,7.0,2022-11-21
0022200255,1610612762,Utah,Jazz,UTA,jazz,240:00,40,89,0.449,12,38,0.316,22,24,0.917,16,29,45,22,8,5,17,18,114,-7.0,2022-11-21
0022200250,1610612741,Chicago,Bulls,CHI,bulls,240:00,46,89,0.517,14,29,0.483,15,20,0.75,8,43,51,26,10,1,11,19,121,14.0,2022-11-21
0022200250,1610612738,Boston,Celtics,BOS,celtics,240:00,38,87,0.437,19,50,0.38,12,17,0.706,5,33,38,28,3,4,15,18,107,-14.0,2022-11-21
0022200251,1610612749,Milwaukee,Bucks,MIL,bucks,240:00,47,86,0.547,9,28,0.321,16,25,0.64,10,32,42,31,12,8,14,17,119,8.0,2022-11-21
0022200251,1610612757,Portland,Trail Blazers,POR,blazers,240:00,44,93,0.473,8,29,0.276,15,19,0.789,12,28,40,19,5,3,15,17,111,-8.0,2022-11-21
0022200253,1610612740,New Orleans,Pelicans,NOP,pelicans,240:00,49,91,0.538,15,42,0.357,15,21,0.714,11,39,50,30,15,5,14,16,128,45.0,2022-11-21
0022200253,1610612744,Golden State,Warriors,GSW,warriors,240:00,28,74,0.378,10,43,0.233,17,19,0.895,4,30,34,17,9,5,26,20,83,-45.0,2022-11-21
0022200248,1610612739,Cleveland,Cavaliers,CLE,cavaliers,240:00,42,70,0.6,10,19,0.526,20,23,0.87,3,34,37,24,8,3,19,17,114,12.0,2022-11-21
0022200248,1610612737,Atlanta,Hawks,ATL,hawks,240:00,38,87,0.437,11,34,0.324,15,17,0.882,10,25,35,24,11,3,16,21,102,-12.0,2022-11-21
0022200252,1610612750,Minnesota,Timberwolves,MIN,timberwolves,240:00,37,85,0.435,14,47,0.298,17,20,0.85,6,34,40,30,9,6,18,25,105,4.0,2022-11-21
0022200252,1610612748,Miami,Heat,MIA,heat,240:00,35,90,0.389,11,38,0.289,20,30,0.667,12,34,46,26,9,5,15,20,101,-4.0,2022-11-21
0022200249,1610612754,Indiana,Pacers,IND,pacers,240:00,43,86,0.5,13,46,0.283,24,27,0.889,12,36,48,32,9,5,21,23,123,21.0,2022-11-21
0022200249,1610612753,Orlando,Magic,ORL,magic,240:00,36,85,0.424,11,35,0.314,19,25,0.76,12,26,38,20,10,2,17,25,102,-21.0,2022-11-21
0022200254,1610612760,Oklahoma City,Thunder,OKC,thunder,240:00,43,88,0.489,8,24,0.333,25,32,0.781,11,27,38,25,5,5,14,18,119,-10.0,2022-11-21
0022200254,1610612752,New York,Knicks,NYK,knicks,240:00,51,97,0.526,11,34,0.324,16,20,0.8,14,34,48,21,10,2,13,28,129,10.0,2022-11-21
0022200259,1610612756,Phoenix,Suns,PHX,suns,240:00,48,102,0.471,16,34,0.471,3,5,0.6,8,41,49,23,8,7,15,22,115,10.0,2022-11-22
0022200259,1610612747,Los Angeles,Lakers,LAL,lakers,240:00,36,85,0.424,4,22,0.182,29,35,0.829,7,38,45,19,8,7,17,12,105,-10.0,2022-11-22
0022200256,1610612755,Philadelphia,76ers,PHI,sixers,240:00,43,99,0.434,16,32,0.5,13,16,0.813,20,29,49,19,9,4,9,12,115,9.0,2022-11-22
0022200256,1610612751,Brooklyn,Nets,BKN,nets,240:00,44,80,0.55,9,28,0.321,9,13,0.692,4,31,35,31,5,13,15,15,106,-9.0,2022-11-22
0022200258,1610612743,Denver,Nuggets,DEN,nuggets,240:00,43,86,0.5,5,19,0.263,17,26,0.654,15,27,42,28,7,8,17,21,108,-2.0,2022-11-22
0022200258,1610612765,Detroit,Pistons,DET,pistons,240:00,45,88,0.511,8,28,0.286,12,14,0.857,12,28,40,27,7,5,16,24,110,2.0,2022-11-22
0022200257,1610612763,Memphis,Grizzlies,MEM,grizzlies,240:00,41,91,0.451,8,30,0.267,19,30,0.633,13,36,49,26,12,10,18,23,109,-4.0,2022-11-22
0022200257,1610612758,Sacramento,Kings,SAC,kings,240:00,39,90,0.433,15,45,0.333,20,27,0.741,9,36,45,27,11,2,18,25,113,4.0,2022-11-22
0022200264,1610612738,Boston,Celtics,BOS,celtics,240:00,45,84,0.536,17,34,0.5,18,21,0.857,6,32,38,29,4,4,11,22,125,13.0,2022-11-23
0022200264,1610612742,Dallas,Mavericks,DAL,mavericks,240:00,44,82,0.537,11,31,0.355,13,21,0.619,5,30,35,20,4,3,14,23,112,-13.0,2022-11-23
0022200263,1610612737,Atlanta,Hawks,ATL,hawks,240:00,41,92,0.446,11,30,0.367,22,23,0.957,10,37,47,23,9,6,13,20,115,9.0,2022-11-23
0022200263,1610612758,Sacramento,Kings,SAC,kings,240:00,41,89,0.461,9,31,0.29,15,21,0.714,10,38,48,27,6,2,18,23,106,-9.0,2022-11-23
0022200270,1610612762,Utah,Jazz,UTA,jazz,240:00,41,83,0.494,18,41,0.439,16,19,0.842,7,31,38,31,4,7,15,21,116,-9.0,2022-11-23
0022200270,1610612765,Detroit,Pistons,DET,pistons,240:00,44,89,0.494,12,24,0.5,25,27,0.926,8,30,38,24,9,2,7,20,125,9.0,2022-11-23
0022200269,1610612759,San Antonio,Spurs,SAS,spurs,240:00,41,85,0.482,10,34,0.294,18,28,0.643,8,29,37,31,11,1,18,23,110,-19.0,2022-11-23
0022200269,1610612740,New Orleans,Pelicans,NOP,pelicans,240:00,47,82,0.573,14,33,0.424,21,30,0.7,8,34,42,33,8,5,21,22,129,19.0,2022-11-23
0022200268,1610612760,Oklahoma City,Thunder,OKC,thunder,265:00,42,97,0.433,18,40,0.45,24,28,0.857,12,27,39,26,6,7,9,27,126,-5.0,2022-11-23
0022200268,1610612743,Denver,Nuggets,DEN,nuggets,265:00,42,88,0.477,14,38,0.368,33,41,0.805,17,38,55,31,4,8,17,24,131,5.0,2022-11-23
0022200260,1610612766,Charlotte,Hornets,CHA,hornets,240:00,44,92,0.478,6,23,0.261,13,21,0.619,11,33,44,25,8,1,15,15,107,6.0,2022-11-23
0022200260,1610612755,Philadelphia,76ers,PHI,sixers,240:00,38,86,0.442,9,38,0.237,16,18,0.889,8,37,45,20,9,3,19,23,101,-6.0,2022-11-23
0022200265,1610612748,Miami,Heat,MIA,heat,240:00,39,93,0.419,16,41,0.39,19,22,0.864,14,39,53,20,7,5,12,18,113,8.0,2022-11-23
0022200265,1610612764,Washington,Wizards,WAS,wizards,240:00,42,89,0.472,10,38,0.263,11,19,0.579,7,36,43,27,7,5,14,20,105,-8.0,2022-11-23
0022200262,1610612754,Indiana,Pacers,IND,pacers,240:00,37,96,0.385,16,44,0.364,11,16,0.688,13,17,30,25,16,5,13,16,101,-14.0,2022-11-23
0022200262,1610612750,Minnesota,Timberwolves,MIN,timberwolves,240:00,47,77,0.61,8,22,0.364,13,17,0.765,8,42,50,31,9,10,23,18,115,14.0,2022-11-23
0022200271,1610612744,Golden State,Warriors,GSW,warriors,240:00,48,97,0.495,19,51,0.373,9,13,0.692,12,33,45,36,11,5,13,26,124,17.0,2022-11-23
0022200271,1610612746,LA,Clippers,LAC,clippers,240:00,39,86,0.453,11,29,0.379,18,27,0.667,10,33,43,22,5,2,16,13,107,-17.0,2022-11-23
0022200261,1610612739,Cleveland,Cavaliers,CLE,cavaliers,240:00,41,74,0.554,12,27,0.444,20,23,0.87,11,28,39,22,4,4,16,14,114,18.0,2022-11-23
0022200261,1610612757,Portland,Trail Blazers,POR,blazers,240:00,35,78,0.449,13,31,0.419,13,13,1.0,11,21,32,28,9,4,16,24,96,-18.0,2022-11-23
0022200266,1610612761,Toronto,Raptors,TOR,raptors,240:00,36,101,0.356,7,29,0.241,19,25,0.76,23,29,52,16,12,2,13,13,98,-14.0,2022-11-23
0022200266,1610612751,Brooklyn,Nets,BKN,nets,240:00,45,82,0.549,17,38,0.447,5,7,0.714,7,32,39,32,10,11,19,24,112,14.0,2022-11-23
0022200267,1610612749,Milwaukee,Bucks,MIL,bucks,240:00,41,90,0.456,12,38,0.316,19,25,0.76,11,37,48,24,5,3,19,17,113,-5.0,2022-11-23
0022200267,1610612741,Chicago,Bulls,CHI,bulls,240:00,43,87,0.494,18,42,0.429,14,18,0.778,5,30,35,30,9,12,13,20,118,5.0,2022-11-23
0022200273,1610612753,Orlando,Magic,ORL,magic,240:00,34,80,0.425,9,35,0.257,22,27,0.815,9,26,35,20,7,6,14,15,99,-8.0,2022-11-25
0022200273,1610612755,Philadelphia,76ers,PHI,sixers,240:00,39,82,0.476,14,36,0.389,15,18,0.833,13,34,47,25,7,1,15,19,107,8.0,2022-11-25
0022200285,1610612746,LA,Clippers,LAC,clippers,240:00,37,68,0.544,11,22,0.5,19,34,0.559,4,29,33,22,1,5,14,20,104,-10.0,2022-11-25
0022200285,1610612743,Denver,Nuggets,DEN,nuggets,240:00,44,89,0.494,10,30,0.333,16,23,0.696,10,27,37,27,9,5,6,24,114,10.0,2022-11-25
0022200275,1610612738,Boston,Celtics,BOS,celtics,240:00,41,83,0.494,16,37,0.432,24,27,0.889,4,34,38,27,9,6,10,24,122,18.0,2022-11-25
0022200275,1610612758,Sacramento,Kings,SAC,kings,240:00,36,87,0.414,9,36,0.25,23,26,0.885,11,34,45,20,3,4,18,22,104,-18.0,2022-11-25
0022200280,1610612749,Milwaukee,Bucks,MIL,bucks,240:00,42,83,0.506,15,32,0.469,18,25,0.72,8,35,43,27,4,9,13,22,117,15.0,2022-11-25
0022200280,1610612739,Cleveland,Cavaliers,CLE,cavaliers,240:00,34,87,0.391,12,33,0.364,22,26,0.846,10,31,41,12,9,2,9,17,102,-15.0,2022-11-25
0022200274,1610612752,New York,Knicks,NYK,knicks,265:00,46,105,0.438,13,41,0.317,24,28,0.857,12,32,44,27,7,5,10,35,129,-3.0,2022-11-25
0022200274,1610612757,Portland,Trail Blazers,POR,blazers,265:00,42,85,0.494,10,32,0.313,38,51,0.745,13,35,48,24,3,3,12,24,132,3.0,2022-11-25
0022200279,1610612763,Memphis,Grizzlies,MEM,grizzlies,240:00,47,91,0.516,18,38,0.474,20,27,0.741,13,33,46,26,4,4,14,20,132,21.0,2022-11-25
0022200279,1610612740,New Orleans,Pelicans,NOP,pelicans,240:00,37,86,0.43,10,31,0.323,27,31,0.871,11,30,41,26,9,4,13,22,111,-21.0,2022-11-25
0022200281,1610612760,Oklahoma City,Thunder,OKC,thunder,265:00,44,95,0.463,7,29,0.241,28,32,0.875,10,40,50,24,7,5,13,21,123,4.0,2022-11-25
0022200281,1610612741,Chicago,Bulls,CHI,bulls,265:00,44,101,0.436,12,33,0.364,19,23,0.826,14,33,47,25,5,4,15,24,119,-4.0,2022-11-25
0022200276,1610612754,Indiana,Pacers,IND,pacers,240:00,43,86,0.5,12,34,0.353,30,38,0.789,5,36,41,28,13,4,9,11,128,11.0,2022-11-25
0022200276,1610612751,Brooklyn,Nets,BKN,nets,240:00,47,88,0.534,15,41,0.366,8,10,0.8,5,33,38,27,2,8,18,28,117,-11.0,2022-11-25
0022200272,1610612766,Charlotte,Hornets,CHA,hornets,240:00,40,89,0.449,8,25,0.32,22,32,0.688,15,40,55,24,6,4,17,18,110,2.0,2022-11-25
0022200272,1610612750,Minnesota,Timberwolves,MIN,timberwolves,240:00,41,96,0.427,9,41,0.22,17,18,0.944,11,34,45,24,7,9,16,27,108,-2.0,2022-11-25
0022200284,1610612744,Golden State,Warriors,GSW,warriors,240:00,52,101,0.515,20,45,0.444,5,6,0.833,16,33,49,33,8,3,19,15,129,11.0,2022-11-25
0022200284,1610612762,Utah,Jazz,UTA,jazz,240:00,46,97,0.474,11,45,0.244,15,17,0.882,15,27,42,28,12,6,13,15,118,-11.0,2022-11-25
0022200277,1610612748,Miami,Heat,MIA,heat,240:00,42,89,0.472,7,26,0.269,19,23,0.826,10,37,47,24,5,5,10,19,110,3.0,2022-11-25
0022200277,1610612764,Washington,Wizards,WAS,wizards,240:00,40,93,0.43,11,39,0.282,16,20,0.8,13,32,45,27,7,9,12,18,107,-3.0,2022-11-25
0022200278,1610612745,Houston,Rockets,HOU,rockets,240:00,41,87,0.471,12,35,0.343,34,41,0.829,22,37,59,25,9,4,21,29,128,6.0,2022-11-25
0022200278,1610612737,Atlanta,Hawks,ATL,hawks,240:00,39,82,0.476,15,39,0.385,29,36,0.806,6,22,28,14,9,6,13,26,122,-6.0,2022-11-25
0022200282,1610612759,San Antonio,Spurs,SAS,spurs,240:00,38,100,0.38,6,33,0.182,12,16,0.75,20,30,50,21,11,3,16,18,94,-11.0,2022-11-25
0022200282,1610612747,Los Angeles,Lakers,LAL,lakers,240:00,40,83,0.482,8,27,0.296,17,20,0.85,10,39,49,28,12,5,21,16,105,11.0,2022-11-25
0022200283,1610612756,Phoenix,Suns,PHX,suns,240:00,42,87,0.483,7,29,0.241,17,26,0.654,11,32,43,25,7,7,13,18,108,6.0,2022-11-25
0022200283,1610612765,Detroit,Pistons,DET,pistons,240:00,39,92,0.424,9,26,0.346,15,16,0.938,19,30,49,21,6,3,18,22,102,-6.0,2022-11-25
0022200289,1610612756,Phoenix,Suns,PHX,suns,240:00,42,92,0.457,6,22,0.273,23,30,0.767,18,30,48,23,8,6,6,20,113,1.0,2022-11-26
0022200289,1610612762,Utah,Jazz,UTA,jazz,240:00,40,79,0.506,13,32,0.406,19,25,0.76,8,32,40,20,5,2,12,19,112,-1.0,2022-11-26
0022200287,1610612745,Houston,Rockets,HOU,rockets,240:00,45,86,0.523,18,36,0.5,10,14,0.714,11,42,53,25,9,3,24,19,118,13.0,2022-11-26
0022200287,1610612760,Oklahoma City,Thunder,OKC,thunder,240:00,38,97,0.392,10,44,0.227,19,23,0.826,16,25,41,19,12,3,15,15,105,-13.0,2022-11-26
0022200288,1610612759,San Antonio,Spurs,SAS,spurs,240:00,53,105,0.505,18,37,0.486,14,20,0.7,17,30,47,33,8,5,10,32,138,-5.0,2022-11-26
0022200288,1610612747,Los Angeles,Lakers,LAL,lakers,240:00,47,81,0.58,17,33,0.515,32,37,0.865,3,36,39,25,4,7,17,20,143,5.0,2022-11-26
0022200286,1610612761,Toronto,Raptors,TOR,raptors,240:00,38,88,0.432,8,26,0.308,21,26,0.808,17,31,48,20,10,2,13,21,105,5.0,2022-11-26
0022200286,1610612742,Dallas,Mavericks,DAL,mavericks,240:00,35,73,0.479,11,39,0.282,19,24,0.792,4,30,34,28,7,5,16,26,100,-5.0,2022-11-26
0022200291,1610612750,Minnesota,Timberwolves,MIN,timberwolves,240:00,39,88,0.443,14,35,0.4,22,29,0.759,6,25,31,22,7,2,14,19,114,-23.0,2022-11-27
0022200291,1610612744,Golden State,Warriors,GSW,warriors,240:00,50,87,0.575,20,47,0.426,17,20,0.85,8,39,47,36,7,6,16,26,137,23.0,2022-11-27
0022200295,1610612765,Detroit,Pistons,DET,pistons,240:00,36,79,0.456,8,28,0.286,14,26,0.538,7,29,36,14,9,6,13,26,94,-8.0,2022-11-27
0022200295,1610612739,Cleveland,Cavaliers,CLE,cavaliers,240:00,33,77,0.429,8,28,0.286,28,33,0.848,10,31,41,14,3,4,14,20,102,8.0,2022-11-27
0022200293,1610612737,Atlanta,Hawks,ATL,hawks,240:00,35,88,0.398,10,36,0.278,18,19,0.947,8,34,42,24,6,3,9,12,98,-8.0,2022-11-27
0022200293,1610612748,Miami,Heat,MIA,heat,240:00,40,82,0.488,9,33,0.273,17,19,0.895,6,40,46,28,8,5,12,16,106,8.0,2022-11-27
0022200297,1610612753,Orlando,Magic,ORL,magic,240:00,36,79,0.456,12,40,0.3,19,25,0.76,7,19,26,21,9,4,15,20,103,-30.0,2022-11-27
0022200297,1610612755,Philadelphia,76ers,PHI,sixers,240:00,50,77,0.649,11,27,0.407,22,27,0.815,6,37,43,32,10,8,14,19,133,30.0,2022-11-27
0022200296,1610612752,New York,Knicks,NYK,knicks,240:00,44,87,0.506,10,30,0.333,25,30,0.833,12,30,42,30,3,7,8,27,123,-4.0,2022-11-27
0022200296,1610612763,Memphis,Grizzlies,MEM,grizzlies,240:00,46,95,0.484,12,32,0.375,23,31,0.742,16,34,50,32,4,2,10,23,127,4.0,2022-11-27
0022200298,1610612749,Milwaukee,Bucks,MIL,bucks,240:00,48,86,0.558,17,37,0.459,11,15,0.733,8,32,40,28,8,5,13,24,124,9.0,2022-11-27
0022200298,1610612742,Dallas,Mavericks,DAL,mavericks,240:00,41,80,0.513,17,41,0.415,16,25,0.64,6,26,32,23,6,2,13,17,115,-9.0,2022-11-27
0022200294,1610612738,Boston,Celtics,BOS,celtics,240:00,44,80,0.55,16,34,0.471,26,26,1.0,10,28,38,25,2,5,14,23,130,9.0,2022-11-27
0022200294,1610612764,Washington,Wizards,WAS,wizards,240:00,44,82,0.537,7,28,0.25,26,33,0.788,6,23,29,23,8,1,4,21,121,-9.0,2022-11-27
0022200290,1610612751,Brooklyn,Nets,BKN,nets,240:00,41,78,0.526,15,35,0.429,14,18,0.778,4,34,38,27,6,2,7,24,111,14.0,2022-11-27
0022200290,1610612757,Portland,Trail Blazers,POR,blazers,240:00,35,79,0.443,12,33,0.364,15,22,0.682,11,31,42,27,4,2,13,16,97,-14.0,2022-11-27
0022200292,1610612746,LA,Clippers,LAC,clippers,240:00,42,94,0.447,6,32,0.188,24,32,0.75,18,44,62,33,7,4,18,18,114,14.0,2022-11-27
0022200292,1610612754,Indiana,Pacers,IND,pacers,240:00,36,94,0.383,9,42,0.214,19,23,0.826,9,30,39,23,14,4,11,28,100,-14.0,2022-11-27
0022200300,1610612764,Washington,Wizards,WAS,wizards,240:00,52,91,0.571,15,31,0.484,23,27,0.852,7,27,34,31,12,5,7,25,142,15.0,2022-11-28
0022200300,1610612750,Minnesota,Timberwolves,MIN,timberwolves,240:00,42,84,0.5,7,27,0.259,36,42,0.857,15,30,45,20,4,3,18,23,127,-15.0,2022-11-28
0022200303,1610612761,Toronto,Raptors,TOR,raptors,240:00,37,84,0.44,12,28,0.429,14,17,0.824,7,38,45,23,4,5,10,17,100,12.0,2022-11-28
0022200303,1610612739,Cleveland,Cavaliers,CLE,cavaliers,240:00,34,90,0.378,7,38,0.184,13,16,0.813,13,34,47,21,7,3,9,18,88,-12.0,2022-11-28
0022200307,1610612758,Sacramento,Kings,SAC,kings,240:00,46,88,0.523,9,25,0.36,16,18,0.889,8,29,37,32,9,7,15,15,117,-5.0,2022-11-28
0022200307,1610612756,Phoenix,Suns,PHX,suns,240:00,50,94,0.532,10,32,0.313,12,14,0.857,11,34,45,26,9,7,17,20,122,5.0,2022-11-28
0022200299,1610612755,Philadelphia,76ers,PHI,sixers,240:00,39,86,0.453,10,28,0.357,16,18,0.889,10,27,37,23,10,3,12,19,104,3.0,2022-11-28
0022200299,1610612737,Atlanta,Hawks,ATL,hawks,240:00,37,74,0.5,12,27,0.444,15,22,0.682,8,34,42,26,7,6,19,21,101,-3.0,2022-11-28
0022200306,1610612762,Utah,Jazz,UTA,jazz,240:00,41,85,0.482,19,49,0.388,6,15,0.4,9,36,45,30,5,4,14,17,107,-7.0,2022-11-28
0022200306,1610612741,Chicago,Bulls,CHI,bulls,240:00,43,93,0.462,6,22,0.273,22,25,0.88,13,37,50,21,6,3,7,17,114,7.0,2022-11-28
0022200301,1610612738,Boston,Celtics,BOS,celtics,240:00,55,93,0.591,24,52,0.462,6,7,0.857,9,30,39,40,10,5,13,18,140,35.0,2022-11-28
0022200301,1610612766,Charlotte,Hornets,CHA,hornets,240:00,42,86,0.488,11,29,0.379,10,15,0.667,13,24,37,28,7,2,20,14,105,-35.0,2022-11-28
0022200302,1610612751,Brooklyn,Nets,BKN,nets,240:00,44,81,0.543,9,28,0.321,12,14,0.857,8,34,42,20,7,8,16,19,109,7.0,2022-11-28
0022200302,1610612753,Orlando,Magic,ORL,magic,240:00,38,80,0.475,13,31,0.419,13,22,0.591,9,26,35,18,9,5,18,18,102,-7.0,2022-11-28
0022200308,1610612747,Los Angeles,Lakers,LAL,lakers,240:00,40,93,0.43,11,31,0.355,24,31,0.774,18,39,57,23,3,7,14,16,115,-1.0,2022-11-28
0022200308,1610612754,Indiana,Pacers,IND,pacers,240:00,43,105,0.41,17,49,0.347,13,16,0.813,12,37,49,29,6,10,9,24,116,1.0,2022-11-28
0022200304,1610612740,New Orleans,Pelicans,NOP,pelicans,240:00,39,87,0.448,9,32,0.281,18,20,0.9,14,35,49,21,12,8,22,18,105,4.0,2022-11-28
0022200304,1610612760,Oklahoma City,Thunder,OKC,thunder,240:00,34,92,0.37,12,38,0.316,21,23,0.913,18,29,47,16,11,4,19,22,101,-4.0,2022-11-28
0022200305,1610612743,Denver,Nuggets,DEN,nuggets,240:00,50,88,0.568,12,30,0.4,17,20,0.85,13,30,43,31,8,4,14,22,129,16.0,2022-11-28
0022200305,1610612745,Houston,Rockets,HOU,rockets,240:00,39,85,0.459,16,44,0.364,19,25,0.76,12,25,37,25,4,2,17,20,113,-16.0,2022-11-28
0022200310,1610612742,Dallas,Mavericks,DAL,mavericks,240:00,42,91,0.462,15,44,0.341,17,27,0.63,8,31,39,21,7,4,13,21,116,3.0,2022-11-29
0022200310,1610612744,Golden State,Warriors,GSW,warriors,240:00,42,88,0.477,11,43,0.256,18,23,0.783,10,40,50,27,6,3,18,23,113,-3.0,2022-11-29
0022200311,1610612757,Portland,Trail Blazers,POR,blazers,240:00,42,90,0.467,17,35,0.486,11,15,0.733,9,34,43,24,6,7,11,23,112,-6.0,2022-11-29
0022200311,1610612746,LA,Clippers,LAC,clippers,240:00,41,89,0.461,13,31,0.419,23,28,0.821,14,34,48,26,6,7,13,18,118,6.0,2022-11-29
0022200309,1610612765,Detroit,Pistons,DET,pistons,240:00,42,83,0.506,13,39,0.333,13,20,0.65,7,23,30,28,7,4,16,17,110,-30.0,2022-11-29
0022200309,1610612752,New York,Knicks,NYK,knicks,240:00,54,96,0.563,16,35,0.457,16,21,0.762,17,34,51,31,9,1,14,19,140,30.0,2022-11-29
0022200316,1610612752,New York,Knicks,NYK,knicks,240:00,42,100,0.42,6,30,0.2,13,20,0.65,19,36,55,18,2,3,7,20,103,-6.0,2022-11-30
0022200316,1610612749,Milwaukee,Bucks,MIL,bucks,240:00,39,90,0.433,10,35,0.286,21,26,0.808,14,38,52,23,3,6,5,15,109,6.0,2022-11-30
0022200317,1610612750,Minnesota,Timberwolves,MIN,timberwolves,240:00,41,89,0.461,12,39,0.308,15,19,0.789,5,24,29,26,13,11,12,25,109,8.0,2022-11-30
0022200317,1610612763,Memphis,Grizzlies,MEM,grizzlies,240:00,37,87,0.425,9,26,0.346,18,30,0.6,20,39,59,17,7,4,24,20,101,-8.0,2022-11-30
0022200318,1610612740,New Orleans,Pelicans,NOP,pelicans,240:00,45,86,0.523,14,33,0.424,22,26,0.846,12,40,52,28,10,4,20,16,126,18.0,2022-11-30
0022200318,1610612761,Toronto,Raptors,TOR,raptors,240:00,42,88,0.477,11,38,0.289,13,19,0.684,3,27,30,29,12,7,16,21,108,-18.0,2022-11-30
0022200322,1610612762,Utah,Jazz,UTA,jazz,240:00,45,81,0.556,14,32,0.438,21,28,0.75,13,33,46,24,4,7,18,24,125,13.0,2022-11-30
0022200322,1610612746,LA,Clippers,LAC,clippers,240:00,37,93,0.398,10,30,0.333,28,36,0.778,17,22,39,16,9,5,10,23,112,-13.0,2022-11-30
0022200313,1610612753,Orlando,Magic,ORL,magic,240:00,39,79,0.494,8,27,0.296,22,25,0.88,6,27,33,26,5,3,18,21,108,-17.0,2022-11-30
0022200313,1610612737,Atlanta,Hawks,ATL,hawks,240:00,51,94,0.543,8,32,0.25,15,19,0.789,14,35,49,25,8,3,12,17,125,17.0,2022-11-30
0022200315,1610612751,Brooklyn,Nets,BKN,nets,240:00,39,84,0.464,11,26,0.423,24,26,0.923,4,31,35,22,8,7,9,25,113,6.0,2022-11-30
0022200315,1610612764,Washington,Wizards,WAS,wizards,240:00,39,89,0.438,6,24,0.25,23,34,0.676,14,37,51,19,6,5,14,21,107,-6.0,2022-11-30
0022200314,1610612738,Boston,Celtics,BOS,celtics,240:00,46,83,0.554,22,45,0.489,20,23,0.87,11,30,41,32,7,0,17,18,134,13.0,2022-11-30
0022200314,1610612748,Miami,Heat,MIA,heat,240:00,47,90,0.522,18,40,0.45,9,9,1.0,9,23,32,25,8,3,15,21,121,-13.0,2022-11-30
0022200324,1610612747,Los Angeles,Lakers,LAL,lakers,240:00,48,97,0.495,14,37,0.378,18,26,0.692,13,35,48,28,5,6,7,18,128,19.0,2022-11-30
0022200324,1610612757,Portland,Trail Blazers,POR,blazers,240:00,42,90,0.467,8,24,0.333,17,21,0.81,12,33,45,21,4,5,10,25,109,-19.0,2022-11-30
0022200319,1610612760,Oklahoma City,Thunder,OKC,thunder,240:00,48,94,0.511,9,27,0.333,14,21,0.667,15,37,52,17,4,4,11,20,119,8.0,2022-11-30
0022200319,1610612759,San Antonio,Spurs,SAS,spurs,240:00,41,92,0.446,10,37,0.27,19,25,0.76,13,31,44,27,5,2,10,20,111,-8.0,2022-11-30
0022200321,1610612756,Phoenix,Suns,PHX,suns,240:00,49,93,0.527,15,33,0.455,19,21,0.905,10,36,46,22,3,5,13,28,132,19.0,2022-11-30
0022200321,1610612741,Chicago,Bulls,CHI,bulls,240:00,41,82,0.5,4,25,0.16,27,33,0.818,5,30,35,21,5,6,11,19,113,-19.0,2022-11-30
0022200323,1610612758,Sacramento,Kings,SAC,kings,240:00,48,95,0.505,16,43,0.372,25,29,0.862,11,47,58,28,8,5,18,25,137,23.0,2022-11-30
0022200323,1610612754,Indiana,Pacers,IND,pacers,240:00,40,100,0.4,12,37,0.324,22,30,0.733,12,35,47,28,8,5,15,21,114,-23.0,2022-11-30
0022200312,1610612739,Cleveland,Cavaliers,CLE,cavaliers,240:00,45,74,0.608,15,29,0.517,8,10,0.8,6,34,40,28,10,3,18,13,113,28.0,2022-11-30
0022200312,1610612755,Philadelphia,76ers,PHI,sixers,240:00,32,77,0.416,6,26,0.231,15,18,0.833,7,23,30,19,7,1,16,11,85,-28.0,2022-11-30
0022200320,1610612743,Denver,Nuggets,DEN,nuggets,240:00,44,83,0.53,17,32,0.531,15,20,0.75,8,34,42,30,6,8,11,21,120,20.0,2022-11-30
0022200320,1610612745,Houston,Rockets,HOU,rockets,240:00,37,88,0.42,12,41,0.293,14,18,0.778,10,29,39,18,5,6,14,20,100,-20.0,2022-11-30
0022200325,1610612765,Detroit,Pistons,DET,pistons,265:00,51,94,0.543,15,35,0.429,14,24,0.583,13,39,52,29,9,0,13,26,131,6.0,2022-12-01
0022200325,1610612742,Dallas,Mavericks,DAL,mavericks,265:00,46,86,0.535,19,46,0.413,14,29,0.483,4,26,30,25,8,7,13,24,125,-6.0,2022-12-01
0022200335,1610612762,Utah,Jazz,UTA,jazz,240:00,46,83,0.554,15,34,0.441,32,37,0.865,8,39,47,29,7,2,24,28,139,20.0,2022-12-02
0022200335,1610612754,Indiana,Pacers,IND,pacers,240:00,40,92,0.435,12,34,0.353,27,33,0.818,9,26,35,25,12,5,18,35,119,-20.0,2022-12-02
0022200333,1610612759,San Antonio,Spurs,SAS,spurs,240:00,38,98,0.388,11,39,0.282,12,16,0.75,10,39,49,26,4,4,12,23,99,-18.0,2022-12-02
0022200333,1610612740,New Orleans,Pelicans,NOP,pelicans,240:00,40,92,0.435,12,42,0.286,25,26,0.962,10,43,53,25,9,5,9,18,117,18.0,2022-12-02
0022200334,1610612756,Phoenix,Suns,PHX,suns,240:00,45,85,0.529,17,37,0.459,14,19,0.737,9,28,37,30,9,5,17,28,121,-1.0,2022-12-02
0022200334,1610612745,Houston,Rockets,HOU,rockets,240:00,40,81,0.494,8,24,0.333,34,43,0.791,13,28,41,19,12,2,16,22,122,1.0,2022-12-02
0022200326,1610612766,Charlotte,Hornets,CHA,hornets,240:00,40,95,0.421,12,29,0.414,25,31,0.806,19,26,45,25,6,3,4,24,117,1.0,2022-12-02
0022200326,1610612764,Washington,Wizards,WAS,wizards,240:00,39,86,0.453,12,33,0.364,26,35,0.743,18,38,56,23,3,9,14,23,116,-1.0,2022-12-02
0022200330,1610612739,Cleveland,Cavaliers,CLE,cavaliers,240:00,41,84,0.488,16,42,0.381,9,9,1.0,5,28,33,22,7,5,12,14,107,11.0,2022-12-02
0022200330,1610612753,Orlando,Magic,ORL,magic,240:00,40,81,0.494,8,23,0.348,8,12,0.667,11,29,40,19,6,4,17,13,96,-11.0,2022-12-02
0022200331,1610612749,Milwaukee,Bucks,MIL,bucks,240:00,50,94,0.532,17,43,0.395,12,15,0.8,10,32,42,29,2,5,9,18,129,-4.0,2022-12-02
0022200331,1610612747,Los Angeles,Lakers,LAL,lakers,240:00,52,96,0.542,11,26,0.423,18,24,0.75,12,32,44,32,6,4,4,16,133,4.0,2022-12-02
0022200327,1610612737,Atlanta,Hawks,ATL,hawks,240:00,49,88,0.557,10,28,0.357,9,14,0.643,12,31,43,24,7,3,12,14,117,8.0,2022-12-02
0022200327,1610612743,Denver,Nuggets,DEN,nuggets,240:00,45,85,0.529,12,32,0.375,7,13,0.538,9,24,33,31,8,0,15,12,109,-8.0,2022-12-02
0022200328,1610612738,Boston,Celtics,BOS,celtics,265:00,40,87,0.46,15,45,0.333,21,28,0.75,7,41,48,26,6,2,20,18,116,-4.0,2022-12-02
0022200328,1610612748,Miami,Heat,MIA,heat,265:00,48,101,0.475,11,35,0.314,13,18,0.722,12,38,50,19,11,3,16,24,120,4.0,2022-12-02
0022200332,1610612763,Memphis,Grizzlies,MEM,grizzlies,240:00,42,97,0.433,11,30,0.367,22,28,0.786,19,38,57,22,8,11,12,18,117,8.0,2022-12-02
0022200332,1610612755,Philadelphia,76ers,PHI,sixers,240:00,40,91,0.44,14,33,0.424,15,17,0.882,10,32,42,23,7,5,13,21,109,-8.0,2022-12-02
0022200336,1610612744,Golden State,Warriors,GSW,warriors,240:00,42,87,0.483,20,50,0.4,15,23,0.652,7,43,50,32,2,5,19,19,119,8.0,2022-12-02
0022200336,1610612741,Chicago,Bulls,CHI,bulls,240:00,43,93,0.462,9,27,0.333,16,24,0.667,6,38,44,28,7,1,12,28,111,-8.0,2022-12-02
0022200329,1610612751,Brooklyn,Nets,BKN,nets,240:00,44,82,0.537,11,32,0.344,15,22,0.682,7,34,41,27,7,5,18,27,114,9.0,2022-12-02
0022200329,1610612761,Toronto,Raptors,TOR,raptors,240:00,38,87,0.437,7,24,0.292,22,30,0.733,11,32,43,16,7,2,13,19,105,-9.0,2022-12-02
0022200342,1610612744,Golden State,Warriors,GSW,warriors,240:00,45,85,0.529,25,52,0.481,5,10,0.5,6,29,35,34,8,5,13,24,120,19.0,2022-12-03
0022200342,1610612745,Houston,Rockets,HOU,rockets,240:00,40,91,0.44,3,28,0.107,18,20,0.9,14,31,45,17,6,4,15,14,101,-19.0,2022-12-03
